Name,Score
GeForce RTX 5090 D,41406
RTX PRO 5000 72GB Blackwell,40493
GeForce RTX 5090,38947
GeForce RTX 4090,38087
GeForce RTX 5080,35705
RTX PRO 6000 Blackwell Workstation Edition,35448
GeForce RTX 4080,34441
GeForce RTX 4080 SUPER,34253
nVidia L40-48Q,33269
RTX PRO 4500 Blackwell,33119
nVidia L40-4Q,32600
GeForce RTX 5070 Ti,32460
RTX PRO 6000 Blackwell Max-Q Workstation Edition,31961
GeForce RTX 4070 Ti SUPER,31783
RTX PRO 5000 Blackwell,31709
GeForce RTX 4070 Ti,31556
Radeon RX 7900 XTX,31372
GeForce RTX 5090 D v2,31108
GeForce RTX 4090 D,30627
RTX 5000 Ada Generation,30253
GeForce RTX 4070 SUPER,29966
GeForce RTX 3090 Ti,29317
Radeon RX 7900 XT,29010
GeForce RTX 5070,28778
RTX 6000 Ada Generation,28624
GeForce RTX 5090 Laptop GPU,28501
RTX 4500 Ada Generation,28177
Radeon RX 6950 XT,28097
Radeon PRO W7900,27803
Radeon AI PRO R9700,27698
Radeon PRO W7800,27503
nVidia L40,27355
Radeon RX 7900 GRE,27337
GeForce RTX 4090 Laptop GPU,27127
RTX PRO 4000 Blackwell,27103
GeForce RTX 4070,26918
Radeon RX 9070 XT,26891
GeForce RTX 3080 Ti,26789
Radeon RX 6900 XT,26698
GeForce RTX 3080 12GB,26569
GeForce RTX 3090,26558
GeForce RTX 5080 Laptop GPU,26487
Radeon RX 9070,25423
RTX 5880 Ada Generation,25095
GeForce RTX 3080,25038
Radeon RX 6800 XT,25032
GeForce RTX 4080 Laptop GPU,24737
Radeon RX 9070 GRE,24418
Radeon RX 7800 XT,24321
RTX PRO 5000 Blackwell Generation Laptop GPU,24294
RTX 4000 Ada Generation,23869
RTX PRO 4000 Blackwell Generation Laptop GPU,23649
RTX 3500 Ada Generation Embedded GPU,23495
RTX PRO 4000 Blackwell SFF Edition,23365
RTX 5000 Ada Generation Laptop GPU,23326
GeForce RTX 3070 Ti,23263
RTX A5000,23041
Radeon PRO W7700,22865
RTX A6000,22806
GeForce RTX 5060 Ti 16GB,22678
GeForce RTX 4060 Ti 16GB,22669
GeForce RTX 5070 Ti Laptop GPU,22667
Radeon RX 7700 XT,22641
GeForce RTX 4060 Ti,22628
GeForce RTX 5060 Ti 8GB,22470
RTX PRO 3000 Blackwell Generation Laptop GPU,22372
GeForce RTX 3070,22134
Radeon RX 7900M,22111
Radeon RX 6800,22031
RTX 4000 Ada Generation Laptop GPU,22018
GRID RTX6000-6Q,21986
NVIDIA A10,21687
GeForce RTX 2080 Ti,21478
RTX PRO 6000 Blackwell Server Edition,21388
Radeon RX 7700,21240
RTX A5500,21216
RTX A4500,21031
RTX 4000 SFF Ada Generation,20934
GeForce RTX 5060,20829
Radeon RX 6750 XT,20715
RTX PRO 2000 Blackwell,20656
GeForce RTX 3060 Ti,20282
Radeon PRO W6800,20216
Radeon RX 6750 GRE 12GB,20178
Radeon RX 9060 XT 16GB,20077
TITAN V,20072
L40S,20022
TITAN RTX,19946
Quadro RTX 8000,19911
Radeon RX 9060 XT 8GB,19818
RTX 3500 Ada Generation Laptop GPU,19749
Radeon RX 6700 XT,19739
GeForce RTX 4070 Laptop GPU,19539
GeForce RTX 4060,19528
SMI USB Display,19462
GeForce RTX 2080 SUPER,19460
RTX A4000,19458
GeForce RTX 5070 Laptop GPU,19257
Radeon RX 6750 GRE 10GB,18985
LIANLI USB Display-60hz,18968
GeForce RTX 3080 Ti Laptop GPU,18955
Radeon RX 6700,18916
Quadro GV100,18880
NVIDIA TITAN Xp,18761
GeForce RTX 2080,18616
GeForce GTX 1080 Ti,18587
TITAN Xp COLLECTORS EDITION,18559
Radeon RX 9060,18331
Radeon RX 7650 GRE,18280
GeForce RTX 2070 SUPER,18146
Radeon 8060S,18104
Quadro RTX 6000,17814
NVIDIA A10G,17660
GeForce RTX 3070 Ti Laptop GPU,17504
GeForce RTX 4060 Laptop GPU,17400
Barco MXRV-7100,17382
GeForce RTX 5050,17360
Radeon RX 7600 XT,17304
Radeon RX 6850M XT,17198
RTX 2000 Ada Generation,17153
RTX A5500 Laptop GPU,17128
Radeon RX 6650 XT,17118
Radeon RX 6650M XT,17070
RTX 5000 Ada Generation Embedded GPU,17055
EIZO Quadro MED-XN92,17035
GeForce RTX 3060,17005
TITAN V CEO Edition,16987
GeForce RTX 5060 Laptop GPU,16960
RTX A4500 Laptop GPU,16789
RTX PRO 2000 Blackwell Generation Laptop GPU,16777
GeForce RTX 3060 12GB,16750
Radeon RX 7800M,16713
Radeon Pro W6800X,16619
Radeon RX 5700 XT 50th Anniversary,16580
Radeon RX 7600,16548
GeForce RTX 2060 SUPER,16479
Radeon RX 6600 XT,16450
RTX A5000 Laptop GPU,16418
Radeon VII,16239
Radeon 8050S,16228
Radeon PRO W7600,16164
GeForce RTX 3080 Laptop GPU,16140
Radeon RX 5700 XT,16115
GeForce RTX 2070,16062
RTX 3000 Ada Generation Laptop GPU,15980
GeForce RTX 2060 12GB,15927
RTX 2000E Ada Generation,15873
Intel Arc B580,15856
Radeon RX 6800S,15764
Radeon Pro V620 MxGPU,15632
Radeon Pro Vega II,15618
GeForce GTX 1080,15611
Radeon RX 7600S,15572
Quadro P6000,15549
Radeon RX 7700S,15497
Quadro RTX 5000,15337
GeForce RTX 3060 8GB,15258
Radeon RX 6650M,15179
Radeon Pro W5700X,15176
GeForce RTX 3070 Laptop GPU,15121
Radeon RX 6700S,15073
Radeon RX 6600,15072
A10-24Q,15062
SQExtFramebufferUmode Device,15054
GeForce RTX 2080 (Mobile),15013
Radeon PRO W6600,14975
RTX PRO 1000 Blackwell Generation Laptop GPU,14943
Quadro RTX 4000,14878
RTX 2000 Ada Generation Laptop GPU,14873
Quadro RTX 5000 (Mobile),14832
RTX A4000 Laptop GPU,14784
Radeon Pro W6800X Duo,14742
Intel Arc Pro B60,14713
Radeon RX 7600M XT,14693
GeForce GTX 1070 Ti,14658
GeForce RTX 5050 Laptop GPU,14447
GeForce RTX 4050 Laptop GPU,14327
Radeon RX 5700,14255
Radeon Pro W5700,14151
GeForce RTX 2060,14103
Radeon RX 6600 LE,14095
RTX 2000 Ada Generation Embedded GPU,14061
RadeonT RX 6850M XT,13992
CXDisplay Device,13988
Intel Arc B570,13959
RTX A3000 12GB Laptop GPU,13915
Radeon RX 6600M,13913
Radeon RX Vega 64,13905
NVIDIA A40,13900
spacedesk Adapter,13758
Quadro GP100,13735
Racer-Tech USB Display Device,13692
Radeon Pro Vega II Duo,13690
RTX A2000 12GB,13677
GeForce GTX 980 Ti,13660
NVIDIA TITAN X,13659
RTX 1000 Ada Generation Laptop GPU,13620
Radeon RX 6700M,13617
A10G,13598
Radeon Pro VII,13571
GeForce RTX 2080 Super with Max-Q Design,13522
GeForce GTX 1070,13506
RTX A2000,13426
Radeon RX 5600 XT,13413
GeForce RTX 2070 Super with Max-Q Design,13412
Radeon Pro Vega 64X,13369
Intel Arc A770,13353
RTX PRO 500 Blackwell Generation Laptop GPU,13294
Radeon PRO W7500,13286
Radeon RX 6800M,13236
GeForce RTX 3060 Laptop GPU,13150
Radeon PRO W6600X,13113
Radeon RX 6600S,13016
Radeon RX Vega 56,13000
Radeon Pro Vega 64,12896
GeForce RTX 2080 with Max-Q Design,12729
GeForce GTX 1660 SUPER,12683
GeForce GTX 1660 Ti,12677
Radeon Vega Frontier Edition,12674
RTX A3000 Laptop GPU,12660
Quadro RTX 5000 with Max-Q Design,12636
Quadro P5000,12621
Intel Arc A750,12618
GRID RTX6000-1Q,12616
Radeon Pro WX 8200,12592
GeForce GTX TITAN X,12570
GeForce RTX 3050 8GB,12508
Radeon Pro 5700 XT,12457
Quadro P5200 with Max-Q Design,12414
Radeon RX 5600 OEM,12390
OrayIddDriver Device,12373
GeForce RTX 2070 (Mobile),12357
Tesla V100-PCIE-16GB,12328
Radeon RX 6850M,12274
Radeon Pro V520 MxGPU,12257
Intel Arc Pro B50,12190
Quadro RTX 4000 with Max-Q Design,12085
Tesla V100-SXM2-16GB,12074
Intel Arc A580,12066
Radeon Pro Vega 56,12061
GeForce RTX 3050 Laptop GPU,12003
Radeon RX 7400,11908
GeForce RTX 3050 OEM,11904
Intel Arc A770M,11853
RTX A4000H,11815
Radeon Pro WX 9100,11810
Tesla T10,11763
Radeon RX 5600,11752
Quadro M6000,11734
Quadro RTX 4000 (Mobile),11687
L40-8Q,11670
GeForce GTX 1660,11620
GeForce GTX 1080 with Max-Q Design,11614
Tesla P40,11595
Quadro M6000 24GB,11537
Quadro P4200 with Max-Q Design,11519
Radeon Pro 5700,11456
Quadro P4000,11452
Radeon PRO W6600M,11407
GeForce RTX 2070 with Max-Q Design,11406
GeForce RTX 2060 (Mobile),11352
Quadro P5200,11279
Radeon Pro Vega 48,11269
RTX 500 Ada Generation Laptop GPU,11182
GeForce RTX 3050 A Laptop GPU,11140
RTX A2000 Embedded GPU,11117
GeForce GTX 980,11072
RTX A1000 Embedded GPU,11009
Radeon RX 7600M,10999
Radeon Pro SSG,10971
RTX A1000,10781
GeForce RTX 3050 6GB,10765
Quadro RTX 3000,10723
Tesla M40 24GB,10641
RTX A2000 8GB Laptop GPU,10489
GeForce GTX 1070 (Mobile),10465
A40-48Q,10436
Radeon 8040S,10431
Quadro P4200,10243
Tesla M40,10219
GeForce GTX 1650 SUPER,10187
GeForce RTX 3050 6GB Laptop GPU,10131
GeForce GTX 1660 Ti (Mobile),10098
GeForce RTX 3050 Ti Laptop GPU,10092
RTX A1000 6GB Laptop GPU,10074
GeForce GTX 1060,10055
Tesla T4,9903
GRID P40-2B,9842
GeForce GTX 1060 3GB,9830
Intel Arc A730M,9808
GeForce GTX 1070 with Max-Q Design,9773
Radeon R9 Fury + Fury X,9741
GeForce GTX 970,9637
Radeon RX 6550M,9637
Radeon RX 6500 XT,9633
GeForce RTX 2060 with Max-Q Design,9625
GRID P40-2Q,9580
Radeon RX Vega Ryzen 5 5600GT,9558
Radeon R9 Fury,9515
A10-12Q,9493
Intel Arc Pro A60,9493
GeForce RTX 3050 4GB Laptop GPU,9492
CMP 40HX,9485
RTX A1000 Laptop GPU,9479
GeForce GTX 780 Ti,9466
RTX A2000 Laptop GPU,9466
Intel Arc GPU,9445
Quadro P2200,9405
Quadro M5000,9398
Radeon R9 Fury X,9376
Intel Arc B390 GPU,9360
Radeon RX 590,9303
Radeon Pro 5600M,9284
Radeon R9 390X,9263
GeForce GTX 1060 5GB,9212
GeForce GTX TITAN Black,9191
Quadro P3200 with Max-Q Design,9164
Tesla P4,9158
Quadro P4000 with Max-Q Design,9082
Radeon RX 5500 XT,9072
EIZO Quadro MED-XN72,9036
Radeon Pro W5500,8941
GeForce GTX TITAN Z,8896
Radeon RX 5500,8852
Radeon R9 295X2,8816
Intel Arc B370 GPU,8811
Radeon R9 390,8808
Radeon RX 580,8791
Radeon RX 5600M,8788
GeForce GTX 1660 Ti with Max-Q Design,8616
Radeon RX 480,8539
Quadro P3200,8495
GRID RTX6000-1B,8473
Radeon R9 290X,8431
Radeon PRO W6400,8422
Miracast display port driver V3,8421
Radeon R9 290X / 390X,8380
Radeon Pro Duo,8370
Ryzen 5 4600HS with Radeon Graphics,8370
Radeon RX590 GME,8342
RTX A4500 Embedded GPU,8295
GeForce GTX Titan,8195
Quadro RTX 3000 with Max-Q Design,8169
GeForce GTX 1060 (Mobile),8160
Radeon 890M,8152
Radeon R9 290,8152
Radeon R9 290 / 390,8150
EIZO Quadro MED-XN71,8098
Tesla P100-PCIE-16GB,8067
Intel Arc A530M,8044
Quadro K6000,8015
Ryzen 9 6900HS,8005
GeForce GTX 780,7945
Radeon RX 470/570,7924
Quadro M5500,7915
GeForce GTX 1650,7873
Radeon Pro 5500 XT,7867
T1200 Laptop GPU,7841
GeForce GTX 1060 with Max-Q Design,7832
Radeon Pro 580,7753
Radeon RX 6400,7750
FirePro W9100,7747
A40-8Q,7716
Radeon Pro WX 7100,7716
GeForce RTX 2050,7710
nVidia L40S-4Q,7687
T1000 8GB,7684
Radeon 880M,7674
Radeon RX 780,7657
T1000,7642
Radeon RX 580 2048SP,7629
Radeon RX 6500,7620
Radeon RX 5300,7605
Radeon Pro 580X,7540
GeForce GTX 1650 Ti,7538
GRID P40-8Q,7507
Radeon RX 580X,7478
Radeon PRO V710 MxGPU,7418
GeForce GTX 980M,7383
Radeon Pro W5500X,7350
Radeon RX 6500M,7329
Quadro T2000,7283
L4-8Q,7114
RadeonT 780M,7103
Radeon Pro 5300,7088
Quadro M5000M,7059
GRID P40-24Q,7056
T600 Laptop GPU,7040
Quadro T2000 with Max-Q Design,7012
Tesla M60,7002
Quadro P2000,6987
GeForce GTX 1650 (Mobile),6968
Radeon 780M,6866
FirePro W8100,6812
Ryzen 9 4900HS with Radeon Graphics,6790
Radeon Ryzen 9 6900HS,6736
Radeon Pro 5500M,6732
GeForce GTX 970XM FORCE,6706
P106-100,6705
RadeonT 660M Ryzen 5 6600H,6699
Quadro T1000 with Max-Q Design,6689
Quadro M4000,6669
Intel Arc Pro 140T GPU,6656
A10-8Q,6647
Intel Arc 140T GPU,6640
GeForce GTX 1650 Ti with Max-Q Design,6617
Radeon RX 6450M,6601
RTX A500 Laptop GPU,6573
GRID P40-3Q,6569
Radeon RX Vega M GH,6558
L40S-6Q,6554
GRID P40-2B4,6501
Quadro T1000,6501
LuminonCore IDDCX Adapter,6479
AMD Ryzen Z1 Extreme,6436
Radeon RX 6300M,6421
T600,6367
GeForce GTX 1050 Ti,6358
Quadro P3000,6351
GeForce GTX 1650 with Max-Q Design,6339
Radeon Pro 570,6336
GeForce MX570 A,6296
Intel Arc A380E,6290
Intel Arc A380,6282
Radeon Pro WX 7130,6271
Ryzen 7 6800HS with Radeon Graphics,6240
GRID P4-4Q,6234
Tesla M6,6224
Radeon Ryzen 7 6800HS,6215
RTX A500 Embedded GPU,6197
Intel Arc Pro 130T GPU,6177
Ryzen 9 PRO 6950H with Radeon Graphics,6176
Quadro K5200,6170
Intel Arc 130T GPU,6168
FirePro W9000,6144
GeForce GTX 960,6137
Radeon R9 380X,6129
Ryzen 9 6900HS with Radeon Graphics,6109
Radeon R9 280X,6083
Quadro M4000M,6073
RTX A400,5998
Radeon RX 5500M,5993
Radeon R9 380,5976
GeForce GTX 770,5968
Radeon 610M Ryzen 9 7845HX,5947
Radeon Ryzen 7 6810U,5937
GRID P40-4Q,5926
GeForce GTX 1050 Ti (Mobile),5917
Intel Arc Pro,5844
Radeon Ryzen 7 7736U,5825
Radeon Pro 5300M,5816
Matrox LUMA A380P,5811
Ryzen 7 PRO 6850H with Radeon Graphics,5790
DisplayLink USB Device Ryzen 7 7735HS,5768
Intel Arc Pro A40/A50,5758
Ryzen 9 PRO 6950H,5758
Tesla K80,5753
GeForce MX570,5750
GeForce GTX 970M,5714
Radeon E9550,5692
RadeonT 680M,5680
RadeonT 680M Ryzen 7 7735HS,5680
Eng Sample: 100-000000560-40_Y,5655
Intel Arc 140T,5634
GeForce GTX 680,5614
Radeon Ryzen 9 PRO 6950H,5608
Radeon PRO Ryzen 7 PRO 6850U,5603
Ryzen 7 PRO 6850U,5580
Radeon HD 7990,5565
Radeon PRO W6300,5559
Radeon R9 285 / 380,5549
Quadro M3000M,5546
GRID P40-12Q,5540
Radeon TM,5534
Radeon R9 280,5526
GRID M60-8A,5523
Radeon Ryzen 7 PRO 6850H,5521
Ryzen 9 5900HS with Radeon Graphics,5508
Radeon 680M Ryzen 9 6900HX,5493
Intel Arc,5492
GeForce GTX 760 Ti OEM,5474
Radeon Pro WX 5100,5466
Ryzen 7 6800HS Creator Edition,5465
Intel Arc A310,5451
GeForce GTX 690,5448
L40S-8Q,5414
Radeon 760M,5396
GeForce GTX 670,5364
GeForce GTX 950,5351
CMP 30HX,5346
Quadro P2000 with Max-Q Design,5341
Radeon RX 6300,5336
Radeon Ryzen 7 6800HS Creator Edition,5321
GeForce GTX 1050 Ti with Max-Q Design,5310
L40S-12Q,5308
GeForce GTX 760 Ti,5306
RTX5000-Ada-4Q,5298
GRID P4-8Q,5283
A16,5280
Ryzen 7 6800H,5259
Radeon Ryzen 7 7735H,5253
Radeon HD 7970 / R9 280X,5247
Ryzen 7 6800HS,5237
Radeon HD 8990,5214
GRID M60-2Q,5203
Radeon RX 5300M,5182
Ryzen 7 7735HS with Radeon Graphics,5175
Radeon Pro Vega 20,5168
Q12U-1,5164
Radeon Ryzen 9 6900HS Creator Edition,5155
Radeon R9 M295X,5150
Ryzen 7 Pro 7735U with Radeon Graphics,5142
Intel Arc 140V GPU,5141
Ryzen 7 PRO 6850U with Radeon Graphics,5116
Intel Arc A370M,5115
Ryzen 9 6900HX with Radeon Graphics,5111
GeForce GTX 1050 3GB,5110
Radeon R9 M395X,5109
Ryzen 7 7735U with Radeon Graphics,5081
Ryzen 7 PRO 6860Z,5076
FirePro S9000,5059
Radeon Ryzen 7 PRO 6850HS,5057
GeForce GTX 1050,5045
VNC Mirror Driver,5042
FirePro W7100,5034
Ryzen 7 6800U,5006
Radeon Ryzen 7 PRO 6850U,4999
GeForce GTX 1630,4979
Ryzen 7 6800H with Radeon Graphics,4959
EIZO Quadro MED-XN51LP,4951
Barco MXRT 7600,4943
L4-4Q,4942
Intel Arc A310 LP,4903
FirePro S9050,4901
Radeon Ryzen 7 7735HS,4899
Radeon 860M,4885
Radeon R9 270X,4874
Radeon R9 M395,4869
Ryzen 7 PRO 6860Z with Radeon Graphics,4869
Radeon Ryzen 7 6800H,4861
GeForce GTX 760,4822
Intel Arc 140V GPU RI,4821
Radeon Pro Vega 16,4809
Radeon Ryzen Z2 Go,4784
GRID RTX6000P-6Q,4777
A16-8Q,4768
Radeon HD 7950 / R9 280,4764
GRID T4-8Q,4761
Ryzen 7 6800U with Radeon Graphics,4760
T550 Laptop GPU,4755
Radeon R9 370,4722
Radeon Sky 500,4722
Tesla K20Xm,4714
Ryzen 9 PRO 6950HS with Radeon Graphics,4704
Radeon Ryzen 7 7735U,4646
GeForce GTX 580,4631
GRID P100-16Q,4625
Radeon Pro WX Vega M GL,4617
Radeon Ryzen 7 170,4605
Radeon HD 7870,4564
B8DKMDAP,4557
FirePro S10000,4537
Radeon Pro 465,4537
Radeon Ryzen 7 PRO 6860Z,4536
FirePro S7000,4523
Quadro P1000,4502
Intel Arc 130V GPU,4496
Tesla K40c,4494
Radeon R7 370,4482
Radeon HD 7870 XT,4469
Radeon Ryzen 9 PRO 6950HS,4463
GeForce GTX 1050 (Mobile),4462
GeForce MX550,4450
DisplayLink USB Device Ryzen 7 6800H,4444
GRID T4-16Q,4435
Tesla K20m,4432
GRID P6-4Q,4429
GeForce GTX 660 Ti,4409
NVIDIA A40-4Q,4406
Radeon Instinct MI25 MxGPU,4403
FirePro W7000 Adapter,4382
Radeon 680M Ryzen 7 7735HS,4343
GRID GTX P40-6,4340
PCI\VEN_1002&DEV_164E&SUBSYS_D0001458&REV_C7 Ryzen,4338
Quadro K4200,4337
NVIDIA A40-12Q,4335
Radeon R9 270,4306
FirePro W7000,4298
Quadro M2200,4267
Radeon R9 270 / R7 370,4259
NVIDIA A40-8Q,4251
Radeon Ryzen 7 6800U,4221
Eng Sample: 100-000000561-40_Y,4206
GRID V100D-8Q,4155
Radeon RX 460,4099
FirePro W8000,4091
Ryzen 7 PRO 6850HS with Radeon Graphics,4087
GeForce GTX 480,4078
L4-2Q,4062
RadeonT 660M Ryzen 5 7535HS,4051
GeForce GTX 660,4047
Quadro M2000,4035
L4-6Q,4033
Radeon HD 7800-serie,4029
Radeon PRO Ryzen 5 PRO 6650U,3998
Quadro K5000,3993
Radeon Eng Sample: 100-000000263-50_Y,3975
GeForce GTX 775M,3939
GeForce GTX 570,3933
Radeon RX Vega M GL,3927
A16-2Q,3926
GRID P6-2Q,3925
GeForce GTX 1050 with Max-Q Design,3916
GeForce GTX 750 Ti,3899
Radeon HD 7850,3899
Radeon R9 M390X,3895
GeForce GTX 780M,3889
GRID M60-8Q,3883
Radeon HD 8970M,3876
Matrox LUMA A310F,3873
A16-16Q,3872
GeForce GTX 965M,3870
A16-4Q,3854
GeForce GTX 880M,3840
GRID P40-1Q,3839
Radeon 840M,3833
GRID M60-4Q,3831
Radeon Ryzen 7 Pro 7735U,3828
T400 4GB,3812
Radeon R9 M485X,3800
GeForce GTX 680MX,3799
Radeon Ryzen 5 6600HS Creator Edition,3793
FirePro S7150,3770
Barco MXRT 7500,3753
Ryzen 5 Pro 7535U with Radeon Graphics,3750
Radeon 680M,3717
GeForce MX450,3715
A40-4Q,3712
Quadro P620,3703
Radeon Ryzen 5 PRO 6650H,3703
GRID M60-1Q,3694
FirePro W7170M,3693
GRID P40-1B,3690
Matrox LUMA A310,3690
Ryzen 5 6600HS Creator Edition,3690
Radeon Pro WX 4100,3683
Radeon RX 560,3680
Radeon Pro 560X,3677
GRID T4-4Q,3675
GRID T4-2Q,3668
P104-100,3664
Radeon HD 7970M,3662
P102-100,3653
T400,3620
T500,3611
Quadro K2200,3579
Ryzen 5 6600H with Radeon Graphics,3579
GeForce GTX 680M KY_Bullet Edition,3568
GRID M6-8Q,3568
VMware Horizon Indirect Display Driver,3565
Radeon 610M Ryzen 9 8940HX,3562
GeForce GTX 870M,3546
Quadro K2200M,3533
Ryzen 5 PRO 6650U with Radeon Graphics,3533
Ryzen 5 PRO 6650U,3519
Radeon Ryzen 5 PRO 6650U,3517
GRID K520,3516
Quadro 7000,3505
Radeon Pro 560,3475
Radeon Ryzen 5 6600H,3474
Radeon Pro W5500M,3469
GeForce GTX 960A,3464
Radeon Pro 460,3452
A16-1Q,3430
Radeon RX 560X,3428
Tesla C2050 / C2070,3428
GeForce GTX 650 Ti BOOST,3407
Quadro M2000M,3405
GeForce GTX 960M,3372
Radeon E8870PCIe,3368
Radeon HD8970M,3368
Quadro K5100M,3351
GRID P100-8Q,3345
GRID RTX6000P-2B,3343
GeForce GTX 590,3341
A2-2Q,3331
Quadro P600,3327
Ryzen 5 7535U with Radeon Graphics,3323
Radeon Ryzen 5 7533HS,3320
A40-24Q,3317
Radeon Eng Sample: 100-000000546-40_Y,3306
GeForce GTX 750,3302
GRID T4-1Q,3302
GeForce GTX 680M,3276
L40S-24Q,3257
GeForce 770M,3245
Snapdragon X Elite - X1E001DE - Qualcomm Adreno GP,3245
Radeon R9 M290X,3244
Radeon R9 M470X,3244
Custom GPU 0932,3243
Ryzen 5 6600U with Radeon Graphics,3233
Radeon 660M,3220
Radeon Ryzen 5 7535HS,3217
Quadro M1200,3209
GRID P4-8A,3206
Radeon 660M Ryzen 5 6600H,3206
Radeon Ryzen 5 6600U,3204
Radeon R7 260X,3203
Intel Graphics,3177
Tesla C2050,3175
GeForce GTX 470,3162
GRID P4-2Q,3162
FirePro V7000,3161
Radeon Ryzen 7 4800H,3160
Radeon Ryzen 5 7535U,3146
Tesla K40m,3143
Radeon Pro 555,3140
Radeon R7 360,3127
Tesla C2070,3120
Radeon HD 6990,3118
Radeon Pro 455,3112
A10-4Q,3101
Radeon HD 7790,3090
GeForce GTX 860M,3087
GeForce GTX 675MX,3082
GeForce GTX 560 Ti,3079
Radeon 660M Ryzen 5 7535HS,3077
L4-2A,3063
Radeon Ryzen 9 7950X 16-Core,3050
Radeon R9 260,3047
Radeon Ryzen 7 4800HS,3043
Qualcomm Adreno X1-85 GPU,3042
Radeon 610M Ryzen 9 8945HX,3031
Radeon R9 360,3031
Tesla C2075,3016
Radeon 740M,3002
Snapdragon X Elite - X1E84100 - Qualcomm Adreno GP,2981
FirePro W5100,2977
FirePro W5000,2969
Tesla M10,2968
Quadro K1200,2959
Ryzen 9 5900HX with Radeon Graphics,2957
GRID K260Q,2949
Radeon Ryzen 7 PRO 5800H,2944
Custom GPU 0405,2942
Radeon 660M Ryzen 5 7533HS,2937
GRID M10-4Q,2936
Radeon RX Vega Ryzen 7 5825U,2916
GRID P40-1A,2893
Radeon R7 260,2891
Radeon Ryzen 7 PRO 5755G,2885
FirePro M6100 FireGL V,2884
Radeon Pro WX 4170,2869
Radeon Pro V340 MxGPU,2853
Radeon Ryzen 7 5800H,2846
GRID K280Q,2839
Quadro M1000M,2835
Radeon HD 8950,2833
Radeon HD 6970,2830
GeForce MX350,2818
FirePro 3D V9800,2811
Quadro K5000M,2804
Ryzen 7 5800HS with Radeon Graphics,2795
Radeon Ryzen 5 Pro 7535U,2793
GeForce GTX 770M,2791
Quadro K4100M,2790
GeForce GTX 560,2779
Quadro M620,2762
Radeon R9 M380,2758
GRID P4-2B4,2753
NVIDIA A10-4Q,2751
GRID K2,2736
Ryzen 7 5800H with Radeon Graphics,2736
Radeon Renoir D1 Ryzen 5 5500U,2731
GRID T4-2B,2730
FirePro V9800,2726
Radeon Pro 450,2722
Ryzen 7 5700G with Radeon Graphics,2722
FirePro W4300,2717
Quadro K4000,2716
Barco MXRT 5500,2701
Quadro 6000,2695
GRID M10-2Q,2691
Radeon RX 550,2690
P106-090,2684
Ryzen 7 Pro 4750G with Radeon Graphics,2681
GeForce GTX 465,2656
FirePro R5000,2646
Radeon Eng Sample: 100-000000285-30_Y,2639
MONSTER GeForce GTX 675M,2637
Intel Iris Xe,2611
Ryzen 7 5700GE with Radeon Graphics,2606
Snapdragon X Plus - X1P64100 - Qualcomm Adreno GPU,2606
Radeon Pro WX 3100,2605
Snapdragon X Elite - X1E80100 - Qualcomm Adreno GP,2603
GeForce GTX 950A,2598
GRID M10-8Q,2595
Radeon Ryzen 9 4950U Mobile,2594
Radeon HD 6950,2593
Radeon Ryzen 7 4700GE,2586
GeForce GTX 950M,2573
Snapdragon X Elite - X1E78100 - Qualcomm Adreno GP,2572
Ryzen 7 PRO 7730U with Radeon Graphics,2566
Radeon Pro,2559
Radeon Ryzen 9 4900H,2555
Radeon Pro WX 4150,2550
Radeon Ryzen 7 5800HS,2550
Ryzen 7 PRO 4750GE with Radeon Graphics,2549
Ryzen 5 5600GE with Radeon Graphics,2547
Ryzen 5 5600G with Radeon Graphics,2545
Radeon Ryzen 3 PRO 5355G,2544
GRID K240Q,2541
GeForce GTX 850M,2539
FirePro M6100,2535
Radeon HD 6850 X2,2534
GeForce GTX 650 Ti,2532
Radeon Ryzen 7 PRO 4750G,2529
FireStream 9370,2528
N18E-Q1,2525
Radeon Ryzen 7 4700G,2522
Ryzen 7 4700GE with Radeon Graphics,2496
A40-6Q,2489
Ryzen 5 PRO 5650G with Radeon Graphics,2481
Barco MXRT 5600,2465
Ryzen 5 PRO 5650GE with Radeon Graphics,2455
GRID M60-4A,2450
FirePro 3D V8800,2437
Ryzen 7 7730U with Radeon Graphics,2433
Radeon Ryzen 7 5825U,2418
Radeon Ryzen 5 5500GT,2415
GeForce GT 1030,2401
Radeon RX Vega 11 PRD,2401
Radeon Ryzen 5 5600GT,2392
Radeon Ryzen 7 5800U,2385
GRID M10-1Q,2384
RadeonT 680M Ryzen 7 6800H,2381
Ryzen 7 PRO 5750GE with Radeon Graphics,2377
GeForce MX250,2376
Ryzen 5 Pro 4650G with Radeon Graphics,2373
Radeon RX 550X,2371
Radeon Ryzen 5 5600H,2363
GeForce GTX 485M,2359
FirePro W6150M,2358
Radeon Ryzen 5 4600GE with Radeon Graphics,2357
Radeon RX Vega Ryzen 5 5500U,2356
Ryzen 7 5825U with Radeon Graphics,2351
Radeon Ryzen 7 PRO 4750GE,2348
GeForce MX330,2345
Ryzen 7 4800U with Radeon Graphics,2343
Ryzen 7 PRO 5750G with Radeon Graphics,2335
Radeon R9 M470,2330
Ryzen 5 4600G with Radeon Graphics,2330
Moore Threads MTT S80,2329
Radeon RX Vega Ryzen 3 5300U,2329
Radeon Ryzen 7 7730U,2323
Radeon Ryzen 5 PRO 5650G,2319
Red Hat VirtIO GPU DOD controller,2319
Radeon RX Vega - Renoir Ryzen 3 5300U,2312
Ryzen 7 5800U with Radeon Graphics,2310
Radeon Ryzen 5 5600GE,2309
Ryzen 5 PRO 4400G with Radeon Graphics,2305
Ryzen 3 PRO 5350G with Radeon Graphics,2304
Radeon Ryzen 7 4800U,2299
Quadro K3100M,2297
Ryzen 5 5600H with Radeon Graphics,2297
Radeon HD 5970,2290
Radeon Ryzen 5 PRO 5655G,2287
FirePro V8800,2280
Ryzen 3 4300GE with Radeon Graphics,2277
Radeon Ryzen 5 PRO 4400G,2272
GeForce GTX 460,2271
Radeon HD 6970M,2270
Ryzen 5 7430U with Radeon Graphics,2270
Radeon R7 250X,2268
Radeon Ryzen 5 PRO 4655G,2267
Radeon Ryzen 7 PRO 7730U,2261
FirePro V7900,2260
Ryzen 7 PRO 5850U with Radeon Graphics,2259
GRID M60-1B,2256
GeForce MX150,2254
Radeon Ryzen 5 7430U,2252
Ryzen 5 7530U with Radeon Graphics,2250
Ryzen 7 9700X 8-Core Processor,2250
Quadro M600M,2246
Radeon Ryzen Embedded V2748,2241
Ryzen 7 5700U with Radeon Graphics,2241
Radeon Ryzen 5 PRO 5650GE,2236
Radeon Ryzen 7 Microsoft Surface Edition,2231
Ryzen 5 5500GT with Radeon Graphics,2224
GRID P100-1B,2223
Radeon Pro WX 3200,2222
RadeonT 660M,2220
Radeon Ryzen 5 PRO 4655GE,2217
Radeon RX 640,2214
Quadro K620,2207
Radeon Ryzen 7 5700U,2204
Radeon HD 6870,2202
Ryzen 5 5600GT with Radeon Graphics,2200
Radeon Vega 11 Ryzen 5 PRO 3350G,2194
Ryzen 7 4700G with Radeon Graphics,2186
Radeon 820M,2180
Radeon HD 5870,2180
A16-2B,2178
Radeon Ryzen 5 7530U,2177
Radeon RX 540,2174
Radeon Ryzen 7 PRO 5875U,2174
Radeon HD 7770,2171
Ryzen 5 PRO 4650GE with Radeon Graphics,2169
Radeon Ryzen 3 7335U,2168
GRID P4-1B,2151
Radeon 660M Ryzen 3 7335U,2151
Ryzen 5 5600U with Radeon Graphics,2150
Ryzen 3 PRO 7330U with Radeon Graphics,2144
GeForce 945M,2137
Radeon Ryzen 9 7900X 12-Core,2128
Radeon 550,2127
GeForce GTX 745,2120
Radeon Ryzen 7 PRO 5755GE,2119
Radeon RX Vega 11 Ryzen 5 3400G,2118
Ryzen 5 4600H with Radeon Graphics,2113
Ryzen 7 4800H with Radeon Graphics,2113
Ryzen 5 5560U with Radeon Graphics,2098
Ryzen 7 Extreme Edition,2095
Radeon RX Vega 11,2091
Radeon Ryzen 5 5600U,2089
GeForce GTX 460 v2,2074
GRID M6-1Q,2069
Quadro K4000M,2067
Ryzen 7 PRO 5875U with Radeon Graphics,2067
Radeon R9 M385,2060
Radeon TM R9 A360,2060
Quadro 5000M,2059
Ryzen 3 Pro 4350G with Radeon Graphics,2058
Radeon Ryzen 5 5625U,2049
Radeon Ryzen 5 5500H,2048
L40S-1Q,2046
Radeon Ryzen 7 4700U,2040
Ryzen 7 4700U with Radeon Graphics,2034
Radeon Ryzen 5 Microsoft Surface Edition,2032
Radeon Ryzen 5 5560U,2030
Ryzen 7 PRO 4750U with Radeon Graphics,2029
FirePro V7800,2028
Intel Iris Pro P580,2025
Quadro P520,2017
Radeon Ryzen 5 5500U,2017
Radeon R9 350,2015
Ryzen 5 PRO 4500U with Radeon Graphics,2007
GeForce GT 645,2005
GeForce GTX 765M,2005
Radeon Ryzen Embedded V2718,1998
Moore Threads S3000 MTvGPU-1132,1997
Ryzen 5 5625U with Radeon Graphics,1996
Ryzen 5 PRO 5650U with Radeon Graphics,1994
Radeon R9 M385X,1993
GeForce GTX 460 SE,1992
Ryzen 3 5300G with Radeon Graphics,1992
Radeon R7 + R7 350 Dual,1982
Radeon Ryzen 3 PRO 7335U,1982
Radeon Vega 11 Ryzen 5 PRO 3400G,1982
Ryzen 3 7335U with Radeon Graphics,1980
GeForce GTX 670MX,1977
Intel Iris Pro 580,1972
Radeon RX Vega 11 Ryzen 5 3400GE,1971
Ryzen 5 5500U with Radeon Graphics,1970
Ryzen 3 5300GE with Radeon Graphics,1968
Radeon Ryzen 7 PRO 4750U,1967
Intel Iris Xe MAX 100,1964
Quadro 5000,1964
Radeon R7 + HD 7700 Dual,1962
Radeon HD 7660D + HD 7700 Dual,1958
GeForce GTX 470M,1953
Radeon Ryzen 3 PRO 5355GE,1951
Qualcomm Adreno 8cx Gen 3,1949
Radeon HD 5850,1948
Radeon HD 6850,1937
Ryzen 3 PRO 4350GE with Radeon Graphics,1935
Qualcomm Adreno 8cx Gen 3 GPU,1932
Quadro M520,1924
Radeon RX 570X,1923
Radeon HD 7560D + 7700 Dual,1919
Radeon Vega 8 Ryzen 3 3200GE,1916
RadeonT RX Vega 11,1916
Moore Threads MTT S70,1914
Intel UHD Graphics 770,1909
Radeon Pro WX 4130,1909
Ryzen 5 PRO 7530U with Radeon Graphics,1904
Radeon RX Vega 11 Ryzen 5 3350G,1901
Radeon HD 7700-serie,1899
Qualcomm Adreno X1-45 GPU,1896
Ryzen 5 4600U with Radeon Graphics,1895
Radeon HD 8670D + HD 7700 Dual,1892
Citrix Indirect Display Adapter,1888
Radeon Pro WX 2100,1887
Radeon R7 450,1880
Radeon Ryzen 5 PRO 5675U,1877
GeForce GTX 645,1876
FirePro M5100,1874
Intel HD 5600,1868
FirePro 3D V7800,1867
Radeon Vega 11,1867
Radeon Ryzen 9 7900 12-Core,1866
GeForce GTX 570M,1862
Intel Iris Xe MAX,1858
Ryzen 5 9600X 6-Core Processor,1858
GeForce GTX 675M,1857
GeForce 945A,1852
GeForce GTX 580M,1850
GeForce GTX 560 SE,1847
Radeon RX Vega 10 Ryzen 7 3750H,1845
Radeon Ryzen 3 PRO 7330U,1843
FirePro M5100 FireGL V,1839
GRID M60-0B,1838
Radeon HD 8570D + HD 7700 Dual,1834
Embedded Radeon E9173,1831
Ryzen 7 9800X3D 8-Core Processor,1830
GeForce MX230,1821
FirePro M6000,1820
Radeon R9 M360,1815
Radeon Vega 8 Ryzen 5 3550H,1814
Radeon 610M Ryzen 9 7945HX,1813
Matrox C900 PCIe x16,1812
Radeon Vega 11 Ryzen 5 PRO 3350GE,1810
ICE DISPLAY WDDM DRIVER,1805
GeForce MX130,1804
Ryzen 5 4500U with Radeon Graphics,1804
Matrox C680 PCIe x16,1803
Radeon HD 8870M / R9 M270X / M370X,1799
Radeon Ryzen Embedded V2516,1795
Radeon HD 8670D + 7700 Dual,1788
Radeon Ryzen 7 7700X 8-Core,1787
Radeon R7 M465X,1786
Ryzen 3 PRO 5350GE with Radeon Graphics,1786
Intel Iris Plus,1784
Intel UHD Graphics P630,1783
Radeon RX Vega 11 Processor,1782
Firepro W5170M,1781
Ryzen 9 9950X 16-Core Processor,1770
Radeon Ryzen 7 7800X3D 8-Core,1766
Radeon Ryzen 9 7900X3D 12-Core,1763
GeForce GTX 650,1759
Intel Iris Plus 645,1750
Ryzen 3 PRO 4200GE with Radeon Graphics,1748
Radeon R9 M375X,1745
Radeon Ryzen Embedded R2544,1743
FirePro M6000 Mobility Pro,1741
GeForce GTX 760M,1741
Radeon Ryzen 5 PRO 5655GE,1741
Ryzen 9 9900X 12-Core Processor,1729
Intel Iris Plus 655,1728
Radeon HD HD7850M,1727
GeForce GT 755M,1724
GeForce GTX 670M,1724
Radeon HD 5830,1724
Radeon Ryzen 3 PRO 5475U,1720
Ryzen 5 PRO 5675U with Radeon Graphics,1719
Radeon HD 7750,1699
Ryzen 3 4300G with Radeon Graphics,1697
Radeon HD 6900M,1695
FirePro W600,1694
Ryzen 3 7330U with Radeon Graphics,1693
Intel UHD Graphics 750,1692
Quadro 5010M,1691
Ryzen 3 5425U with Radeon Graphics,1691
Radeon E8860,1690
Ryzen 5 PRO 4650U with Radeon Graphics,1689
Radeon Ryzen 5 7600 6-Core,1685
Radeon Vega 8 Ryzen 3 3200G,1676
L4-2B,1674
Intel UHD Graphics P750,1668
Radeon R7 M380,1668
Quadro P400,1662
Radeon EPYC 4584PX 16-Core,1661
Radeon Ryzen 7 PRO 7745 8-Core,1660
Radeon 610M Ryzen 9 7945HX3D,1659
Radeon Ryzen 7 7700 8-Core,1654
GeForce GTX 480M,1653
PCI\VEN_1002&DEV_164E&SUBSYS_D0001458&REV_C3 Ryzen,1653
Quadro P500,1648
GRID M10-2B,1643
Radeon Ryzen 5 7600X3D 6-Core,1642
Radeon Ryzen 9 7950X3D 16-Core,1640
Radeon HD 8870M,1638
Radeon RX Vega 10,1628
FirePro M4000 Mobility Pro,1624
Radeon Ryzen 3 PRO 4355GE,1622
Quadro K3000M,1621
Radeon Vega 8 Ryzen 5 3580U,1621
Radeon EPYC 4484PX 12-Core,1619
Ryzen 3 PRO 5450U with Radeon Graphics,1617
Ryzen 7 2700U with Radeon Vega,1617
Radeon Ryzen 5 PRO 7645 6-Core,1615
Radeon Ryzen 5 7600X 6-Core,1613
Radeon R9 M275X,1609
Radeon Ryzen 9 5900H,1609
Radeon Ryzen 9 PRO 7945 12-Core,1608
Radeon 540X,1607
Quadro K2000D,1606
Radeon RX Vega11 Ryzen 7 3750H,1606
Radeon RX Vega11,1605
GeForce GTX 555,1603
Seria Radeon HD 7700,1603
Radeon 630,1602
Ryzen 3 5400U with Radeon Graphics,1602
Radeon Ryzen 3 PRO 5450U,1601
Intel Iris Plus 650,1599
Radeon 610M Ryzen 9 7940HX,1594
Radeon Ryzen 5 PRO 7445 6-Core,1591
FirePro M4000,1589
Radeon Vega 9,1587
Intel Iris Pro P6300,1582
Quadro K2000,1582
Radeon R9 M275X / M375,1574
Radeon Athlon Gold PRO 4150GE,1573
Radeon R9 M370X,1573
Radeon HD 6790,1567
Radeon Vega 8,1566
GeForce GTX 550 Ti,1558
Radeon HD 7560D + HD 6670 Dual,1554
Radeon Ryzen 3 5425U,1553
Radeon Ryzen 3 7330U,1550
Radeon HD 4890,1545
Radeon HD 8470D + HD 7500 Dual,1545
Ryzen 3 PRO 4300U with Radeon Graphics,1542
Intel Iris Pro Graphics 6200,1541
Intel UHD Graphics 730,1541
Radeon RX Vega 8,1540
Ryzen 3 5300U with Radeon Graphics,1539
FirePro V8700,1538
Radeon Vega 10 Mobile,1535
Radeon Vega 9 Ryzen 5 Microsoft Surface Edition,1527
Radeon Ryzen 3 5300U,1523
Intel UHD Graphics,1517
Radeon Vega 9 Ryzen 5 3550H,1516
GeForce 940MX,1509
Radeon HD 7870M,1507
GRID M10-1B,1503
Ryzen 5 2500U with Radeon Vega,1503
A40-2Q,1502
GeForce 845M,1501
Radeon Vega 10,1501
Radeon HD 6670 + 7660D Dual,1492
Radeon RX Vega 6,1492
FirePro W4100,1491
Radeon RX Vega11 Ryzen 7 Microsoft Surface Edition,1488
Radeon HD 7660D + HD 6670 Dual,1484
Radeon R9 M365X,1481
Radeon 550X,1479
GeForce GTX 285,1476
Radeon RX Vega 10 Ryzen 7 3700U,1471
Quadro 4000,1470
Radeon EPYC 4464P 12-Core,1461
Ryzen 3 PRO 4450U with Radeon Graphics,1460
Radeon 540,1458
FirePro W5130M,1454
Intel Iris 550,1451
GeForce GTX 660M,1448
Radeon EPYC 4344P 8-Core,1448
Radeon Vega 8 Mobile,1448
Ryzen 5 PRO 4400GE with Radeon Graphics,1441
Radeon HD 8470D + HD 6670 Dual,1435
Radeon Ryzen Embedded V2546,1435
Intel Iris 650,1432
Ryzen 3 PRO 5475U with Radeon Graphics,1431
GeForce GT 740,1427
Radeon HD 7560D + 7670 Dual,1426
Radeon Vega 6 Ryzen 3 3350U,1420
Radeon R7 M370,1417
GeForce MX110,1412
Radeon Vega 8 Ryzen 3 PRO 3200G,1410
Radeon R9 255,1391
Radeon Ryzen Embedded R2514,1387
Radeon HD 4870,1386
Radeon HD 7560D + HD 7670 Dual,1380
Radeon HD 7850M,1372
Quadro K2100M,1370
Ryzen 3 4300U with Radeon Graphics,1366
FirePro M40003,1364
Radeon HD 8670D + 6670 Dual,1361
Intel Iris Plus 640,1357
Radeon Vega 8 Ryzen 5 3500U,1357
GeForce GTX 275,1353
Radeon HD 5770,1347
Radeon R7 FX-9830P RADEON,1347
Radeon HD 7560D + HD 7700 Dual,1346
GeForce GTS 450,1343
Radeon Vega 6 Ryzen 3 3300U,1343
FireStream 9270,1341
GeForce GT 750M,1330
Radeon HD 8670D + HD 7600 Dual,1317
FirePro M5950,1314
Radeon Vega 8 Ryzen 5 3450U,1310
Radeon HD 4870 X2,1309
Radeon Vega 6,1309
Radeon HD 8790M,1305
Tesla M2070-Q,1305
TENSOR 1.0 Driver Intel HD 630,1299
GeForce GTX 280,1285
Intel HD P630,1282
MxGPU,1282
Radeon R7 A370,1281
GeForce GTX 560M,1280
Quadro 4000M,1279
Radeon HD 6770,1277
GeForce 930MX,1275
Intel Iris 540,1274
FirePro 3D V8750,1271
L4-1B,1263
Mirage Driver,1261
Radeon EPYC 4124P 4-Core,1260
Radeon HD 8570D + HD 6670 Dual,1260
Radeon HD 7560D + HD 7600 Dual,1258
Radeon Ryzen 5 3550H,1248
Quadro 2000 D,1239
Radeon HD 8570D + 6570 Dual,1239
Radeon HD 7660D + 6670 Dual,1238
Radeon HD 7560D + HD 6570 Dual,1237
Radeon R7 + R5 340 Dual,1234
GeForce GT 745A,1233
FirePro V5900,1232
Radeon R7 + R7 250 Dual,1232
FirePro 3D V5800,1231
Radeon 610M,1231
Intel UHD Graphics 630,1228
Radeon EPYC 4564P 16-Core,1226
Radeon HD 8670D + HD 6670 Dual,1221
GeForce GTX 295,1220
GeForce GTX 460M,1218
GeForce 930A,1217
Quadro FX 5800,1210
Radeon HD 8790M / R9 M290X,1210
FirePro 3D V8700,1206
N16P-GX,1204
Radeon HD 7660D + 7540D Dual,1204
Radeon R9 M270X,1204
GeForce GTX 260,1201
Radeon HD 7750M,1191
Radeon R7 +8G,1190
FirePro V5800,1184
GeForce GT 650M,1181
Radeon Ryzen 3 3300U,1180
Quadro M500M,1176
Firepro W4190M,1174
GeForce 830A,1173
Radeon HD 5750,1173
Intel Iris Pro 5200,1172
Radeon R9 M265X,1172
Quadro K620M,1171
FirePro M4170,1167
Radeon RX Vega 10 Ryzen 7 3700C,1166
GeForce GT 640,1165
FireStream 9250,1164
Radeon HD 7730,1163
Barco MXRT 5400,1161
GRID T4-1B,1159
Intel Coffee Lake UHD,1158
GeForce GPU,1153
Intel HD P530,1152
NVS 810,1146
Radeon HD 8850M / R9 M265X,1139
Radeon Ryzen 7 3700U,1135
GeForce 940M,1132
Radeon HD 4850 X2,1132
Radeon HD 7560D + 6670 Dual,1130
Radeon HD 8650G + 7700M Dual,1126
Radeon HD 7660D + 7500 Dual,1121
Radeon EPYC 4244P 6-Core,1120
GeForce GT 545,1119
Radeon Ryzen 5 3450U,1119
Radeon R9 M275,1114
GeForce 940A,1113
Intel HD 630,1110
Radeon Ryzen Embedded R2314,1106
Radeon R7 Opteron X3421,1103
Quadro 2100M,1100
Radeon HD 7660D + 6570 Dual,1100
GeForce 840A,1099
GeForce 840M,1099
Radeon R7 M465,1098
Radeon R5 PRO A6-9500 2C+6G,1096
GeForce GTX 850M - MODDED,1091
Radeon Vega 3 Athlon Gold 3150G,1088
Qualcomm Adreno 690 GPU,1087
Quadro K1100M,1085
Radeon R7 430,1085
MIRRORV3,1080
Barco MXRT 5450,1079
GeForce GT 745M,1078
Radeon R7 + R7 200 Dual,1077
Mobility Radeon HD 5870,1075
Radeon R7 M350,1075
Radeon 625,1073
Radeon R7 M460,1073
GeForce GTX 760A,1071
Radeon HD 8450G + 8600/8700M Dual,1070
RadeonT 610M,1065
Radeon HD 7660D + 7670 Dual,1061
GeForce 920MX,1060
Radeon HD 7520G + 7700M Dual,1060
Radeon HD 8750M,1060
Firepro M4100,1059
OPAL XT/GL,1053
Radeon R7 250,1053
Radeon R7 A10-7870K,1053
Radeon R7 A12-9800 RADEON,1052
Radeon Vega 3 Mobile,1052
FirePro W4170M,1050
Radeon HD 7670A,1050
Intel UHD Graphics 710,1049
Radeon 535,1045
Radeon R7 + R7 240 Dual,1045
Intel UHD Graphics 620,1041
Radeon HD 8570D + 6670 Dual,1039
FirePro M4150,1038
Radeon HD 6750,1038
Radeon 530,1035
Radeon HD 8570D + HD 8570 Dual,1032
Radeon HD 8600/8700M,1029
Radeon R7 + R5 330 Dual,1028
Radeon HD 8670D + R7 240 Dual,1020
Radeon HD 6700M,1016
Radeon R5 A6-9500E 2C+4G,1014
GeForce 930M,1012
Radeon HD 7690M XT,1009
Radeon R7 M260X,1008
Glenfly Arise-GT-10C0,1007
Quadro FX 4800,1007
Quadro 3000M,1005
Radeon R9 M375,1005
FirePro V4900,1003
Radeon HD 7660G + HD 7500/7600 7500/7600 Dual,1002
GeForce 830M,1000
Radeon Vega 3 Ryzen Embedded R1606G,1000
Radeon HD 7660G + HD 7500M/7600M Dual,999
Radeon HD 8570D + R7 200 Dual,999
Radeon R7 A10-7890K,998
Quadro K2000M,996
Radeon HD 7640G + HD 8750M Dual,996
Radeon Vega 3 Athlon 300GE,994
Radeon R7 A265,993
Intel HD 530,990
Radeon HD 7560D + 7570 Dual,985
Radeon HD 8690M,984
Radeon HD 7560D + 7560D Dual,982
Quadro 2000D,980
Radeon R7 PRO A8-8670E,978
Radeon R5 A10-9630P 4C+6G,977
Radeon R7 A12-9730P RADEON,976
Radeon HD 8670D + 8570 Dual,974
Radeon R7 PRO A12-8870,974
Radeon HD 8850M,973
GeForce GT 1010,972
Radeon R6 A10-9600P 4C+6G,970
Radeon R7 PRO A12-9800E,967
Radeon HD 7660G N HD 7660G + HD 7700M N HD 7700M D,966
Radeon HD 6770M,964
Radeon HD 8570D + R7 240 Dual,963
"Radeon R5 PRO A6-8570 R5, 8 COMPUTE CORES 2C+6G",956
Radeon R6 Opteron X3418,955
Radeon 620,953
Radeon R7 340,952
Radeon R7 M445,951
Radeon HD 8570 + HD 7660D Dual,949
Radeon HD 8670D + R7 200 Dual,949
Quadro CX,947
Radeon Vega 3 Athlon 3000G,947
Quadro 2000,946
Radeon HD 4850,946
GeForce GT 645M,945
Radeon HD 6670/7670,945
Radeon HD 7640G + 7690M Dual,945
Radeon R7 PRO A10-8850B,945
Radeon R7 A12-9800E RADEON,942
Radeon HD 7660D + R7 240 Dual,941
Radeon HD 8570,941
Radeon R7 PRO A12-9800,939
Radeon HD 6750M,937
Radeon HD 7560D + HD 8570 Dual,935
Radeon HD 7660G + 7730M Dual,931
Radeon R7 240 + HD 8670D Dual,930
Intel Iris Pro 6100,925
Radeon R7 A10-7850K,922
Qualcomm Adreno 685 GPU,921
Radeon R7 PRO A10-9700E,920
Intel HD Graphics 620,918
Radeon R7 240 + HD 8570D Dual,917
"Radeon R5 A6-9500 RADEON R5, 8 COMPUTE CORES 2C+6G",914
GRID K220Q,912
GRID M6-0B,911
Radeon 6750M,911
Radeon HD 4770,908
Radeon RX Vega 6 Ryzen 3 3200U,906
Radeon R7 240,904
Radeon R7 A10-9700 RADEON,903
Radeon R7 M440,903
Radeon HD 8550G + 7600M Dual,901
Barco MXRT 2600,900
Barco MXRT 7400,900
Intel Iris 6100,900
Radeon R7 + R5 Dual,897
Qualcomm Adreno 680 GPU,896
7900 MOD - Radeon HD 6550D,892
Radeon Vega 3,891
Radeon R7 A10-9700E RADEON,887
Radeon R7 PRO A10-8770,887
GeForce GT 640M,886
Radeon EPYC 4364P 8-Core,886
Radeon R7 + R5 435 Dual A10-9700 RADEON,885
Radeon R5 430,884
Radeon HD 8650G + 7670M Dual,883
Radeon 520,881
Radeon HD 7660G + HD 7730M Dual,881
Intel HD 6000,877
Radeon R7 PRO A12-8870E,875
Radeon R7 A10-7860K,871
GRID M10-0B,870
Radeon R5 M435,869
Radeon R7 G,869
Radeon HD 8570D + HD 6570 Dual,868
Mobility Radeon HD 4850,866
Radeon HD 4830,865
Radeon R7 A8-9600 RADEON,865
Radeon HD 8470D + HD 6450 Dual,862
Intel HD 520,860
Radeon R5 340,856
Radeon R7 A10-8750,856
FirePro 3D V4800,853
Radeon R5 A6-9500 2C+6G,853
Radeon R7 A8-7500 4C+6G,853
Radeon HD 8500M/8700M,852
Radeon E6760,850
FirePro W2100,849
Radeon R5 PRO A6-8570 2C+6G,847
Radeon R7 A8-7670K,846
Radeon R7 M365X,841
Radeon Vega 3 Ryzen 3 3200U,841
"Radeon R5 A10-9630P RADEON R5, 10 COMPUTE CORES 4C",839
FireGL V8600,838
Radeon HD 8470D + 6570 Dual,837
Radeon R7 PRO A8-9600,837
Radeon HD 8670D + R5 235 Dual,836
Radeon HD 6650A,835
Radeon HD 8730M,834
Radeon HD 7560D + 6570 Dual,833
Radeon HD 7520G + HD 7500/7600 Dual,832
Radeon HD 7690M,832
Radeon HD 7660G + 7600M Dual,831
Radeon HD 8650G + 8600/8700M Dual,831
Intel HD 5200,830
GRID M60-0Q,827
Quadro FX 3800,824
Radeon HD 7640G N HD 7640G + HD 7600M N HD 7600M D,824
GeForce GT 730,823
Radeon HD 3850 X2,822
Radeon R7 A10 PRO-7850B,822
Radeon HD 7540D + 7500 Dual,821
Radeon HD 8550G + HD 8750M Dual,819
Radeon HD 8650G + HD 7600M Dual,819
Radeon R7 FX-8800P,819
Radeon R7 PRO A10-9700,818
GeForce 920A,817
Radeon R7 M260DX,816
Radeon Ryzen 3 3200U,816
Intel UHD Graphics 617,814
Radeon R9 M280X,813
Radeon Vega 3 Athlon 300U,813
GeForce GT 445M,811
Radeon HD 8670D + 7000 Dual,811
Radeon R7 A8-7500,811
GeForce GT 635,810
GeForce GT 730M,806
Radeon R7 A10 Extreme Edition,806
Radeon Vega 3 Athlon Silver 3050U,806
Radeon HD 7670,802
Radeon HD 8550G + 8600/8700M Dual,802
Radeon Ryzen 3 3500U,802
Radeon HD 8650G + HD 8790M Dual,799
Radeon HD 5670,798
Radeon HD 8650G N HD 8650G + HD 8600/8700M Dual,796
Radeon R8 M445DX,796
GRID M10-0Q,795
Radeon HD 8550G + 8750M Dual,795
Intel UHD 770,790
Radeon R7 PRO A10-8770E,789
Radeon HD 7730M,786
Radeon HD 8650G + 8750M Dual,786
Radeon Ryzen 3 3250U,784
Radeon R7 A365,781
Radeon R7 PRO A6-9500 2C+6G,781
Radeon R7 M270,779
GeForce GT 740M,777
Qualcomm Adreno 7c Gen 3 GPU,777
Radeon HD 7660G + HD 7700M Dual,777
Radeon R7 A8-7680,777
Radeon HD 7640G + 7500M/7600M Dual,775
Radeon HD 4810,774
Mobility Radeon HD 5000,773
Radeon 535DX,773
Radeon HD 7600M + 7600M Dual,773
Radeon HD 8650G N HD 8650G + HD 8570M Dual,773
Radeon R7 A10-8850,773
Radeon Athlon Gold 3150U,772
Radeon HD 6650M,772
Radeon R7 PRO A10-8750B,771
Radeon R5 PRO A6-9500E 2C+4G,770
GeForce 9800 GTX,769
Radeon R7 A8-7600,769
GeForce GT 440,767
GeForce GTX 850A,767
Radeon R7 A10-7700K,767
GeForce 730A,764
Mobility Radeon HD 5850,763
Radeon HD 8650G + HD 8600/8700M Dual,763
Radeon HD 6450 + 8470D Dual,762
Radeon R5 435,761
Radeon R7 A8-7650K,761
GeForce 825M,760
Radeon HD 7660G + HD 7500/7600 Dual,760
"Radeon R5 PRO A6-9500 R5, 8 COMPUTE CORES 2C+6G",760
Quadro 2000M,758
Radeon HD 7660G + HD 8500M Dual,758
Radeon HD 7660G + 7700M Dual,757
Radeon HD 8650G + HD 8600M N HD 8600M Dual,757
Quadro 1100M,755
Radeon Ryzen Embedded R2312,755
Radeon HD 7640G + 7450M Dual,754
Radeon HD 8570D + HD 7000 Dual,753
Radeon R7 FX-9800P RADEON,753
IncrediblE HD 4600,749
Quadro K1000M,749
Radeon HD 6800M,749
Radeon M535DX,749
Radeon HD 7640G + 7650M Dual,747
Radeon HD 7660G + HD 8600/8700M Dual,747
Radeon HD 8670D + R5 330 Dual,746
Radeon HD 7660G + 7610M Dual,745
Radeon HD 7660G + 7670M Dual,743
Radeon R5 235 + HD 7560D Dual,743
GeForce GT 730A,742
Radeon HD 8650G + 7600M Dual,741
Radeon Vega 3 Athlon 320GE,740
GeForce GT 340,738
Intel Poison Ivy,738
Radeon HD 7670M + 7670M Dual,738
Radeon R5 235 + HD 8570D Dual,737
Radeon R7 A10-7800,737
Intel Iris 5100,733
Radeon R7 A12-9720P RADEON,732
Radeon R5 A10-9620P 4C+6G,731
Radeon Vega 3 Ryzen Embedded R1505G,731
Radeon HD 6670,730
GRID P4-1Q,729
Radeon HD 7550M/7650M,728
GRID K140Q,727
Radeon R7 PRO A8-8650B,726
Quadro K420,723
Radeon HD 7660G N HD 7660G + HD 7600M N HD 7600M D,722
Radeon HD 8650G + R5 M200 Dual,722
Asus GTX 650 FML II EC-EGPU,720
"Radeon R5 A6-9500E RADEON R5, 6 COMPUTE CORES 2C+4",720
Mobility Radeon HD 4870,719
Quadro K600,719
Radeon HD 7540D + 6570 Dual,719
Radeon HD 8670D + HD 7000 Dual,718
Radeon R7 A8-8650,718
Intel UHD Graphics 615,717
Radeon HD 8470D + 6450 Dual,717
GeForce 920M,716
Radeon HD 8650G + HD 8570M Dual,716
Radeon R7 A10 PRO-7800B,714
Quadro K610M,713
Radeon HD 7660G + HD 8670M Dual,711
GeForce GT 740A,710
Radeon HD 6550A,707
Radeon HD 7660G + HD 7670M Dual,706
Qualcomm Adreno 7c+ Gen 3,705
Radeon HD 7640G + 7600M Dual,705
Radeon HD 7640G + HD 7600M Dual,704
Radeon HD 7660G N HD 7660G + HD 7670M Dual,704
"Radeon R5 A10-9600P RADEON R5, 10 COMPUTE CORES 4C",700
Radeon HD 7570M/HD 7670M,699
Radeon R5 PRO A10-8730B 4C+6G,695
Radeon R5 PRO A6-9500B 2C+4G,693
Radeon HD 7640G + 7700M Dual,690
GeForce GT 640M LE,689
Radeon R5 PRO A6-8530B 2C+4G,689
Intel HD 615,688
Radeon HD 7640G + 8600/8700M Dual,688
Radeon Vega 3 Ryzen 3 3250U,687
GeForce GT 630,686
Radeon HD 8650G + R5 M230 Dual,686
Intel UHD Graphics 610,685
Radeon HD 6630M,684
Radeon R7 A12-9700P RADEON,683
Radeon R7 PRO A12-9800B,682
Radeon HD 7640G N HD 7640G + HD 7670M Dual,679
Radeon HD 8650G N HD 8650G + HD 8600M N HD 8600M D,679
GeForce GTS 160M,678
NVS 510,677
Radeon HD 7640G + HD 8670M Dual,677
Quadro FX 4700 X2,676
Radeon HD 8610G + R5 M200 Dual,676
Intel HD 610,674
Radeon Athlon Silver 3050U,674
Radeon R5 A6-7480,672
Radeon Vega 3 Athlon Gold 3150U,672
Radeon R8 M535DX,670
FirePro M7740,665
Radeon HD 7640G + HD 8500M N HD 8500M Dual,665
Radeon HD 8550G + 8690M Dual,664
FireGL V7700,660
GeForce GT 720,660
GeForce GT 735M,659
Mi Pad 5 Adreno 640 GPU,659
Radeon HD 2900 XT,659
GeForce GT 530,658
Radeon R5 PRO A8-9600B 4C+6G,658
GeForce GT 140,657
GeForce 810A,655
Radeon HD 7640G + 8750M Dual,654
Radeon HD 8550G + HD 8600/8700M Dual,654
Radeon HD 8650G + 8570M Dual,654
"Radeon R5 A10-9620P RADEON R5, 10 COMPUTE CORES 4C",653
Intel HD 4600 manual-gen9_2015-134121,652
Radeon HD 7520G + HD 8750M Dual,651
Radeon HD 8650G + HD 8750M Dual,651
GRID K1,650
SUMO 9640,650
Radeon R5 M430,648
FireStream 9170,647
Radeon R8 M365DX,647
GeForce GT 555M,646
Radeon HD 6670 + 6670 Dual,646
Radeon HD 8610G + HD 8500M Dual,645
Radeon HD 7640G + 7670M Dual,644
Radeon R7 M340,644
Radeon HD 7540D + HD 6450 Dual,643
GeForce 8800 Ultra,642
Quadro K510M,641
Radeon R7 A8 PRO-7600B,641
Radeon HD 7640G + 7400M Dual,637
Radeon HD 8450G + 8750M Dual,637
Radeon R5 PRO A6-8570E 2C+4G,637
Intel HD 515,636
GeForce 9800 S,635
Radeon HD 8650G + 8670M Dual,635
Radeon HD 8650G + HD 7670M Dual,634
Radeon HD 7660D + HD 7000 Dual,633
Radeon HD 7610M,632
"Radeon R5 PRO A6-8570E R5, 6 COMPUTE CORES 2C+4G",632
GeForce GTS 360M,631
Intel HD P4600/P4700,631
FirePro V3900,630
Intel HD 4600,630
Radeon HD 7640G + HD 7700M N HD 7700M Dual,630
Radeon HD 7660G + 7470M Dual,630
Radeon HD 8510G + HD 8500M Dual,629
GRID K160Q,628
Radeon R7 PRO A10-9700B,628
Radeon HD 2900 PRO,627
Radeon HD 7640G + 7500/7600 Dual,627
Radeon HD 8650G + 8500M Dual,626
Intel HD 510,623
Radeon HD 7520G + HD 8600/8700M Dual,623
Radeon HD 7570,622
Radeon HD 8570 + 8670D Dual,620
GeForce GT 710,619
Radeon HD 8550G + R5 M200 Dual,619
Radeon R5 A10-9600P 4C+6G,619
Radeon HD 8550G + 8600M Dual,617
Radeon HD 7500G + 7500M/7600M Dual,616
FireGL V7600,615
NVS 5400M,615
Radeon HD 5600/5700,615
Radeon R7 A360,615
Intel UHD 630,614
Radeon HD 8650G + 8600M Dual,613
GeForce 9800 GX2,612
Radeon HD 8550G N HD 8550G + HD 8600M N HD 8600M D,611
7900 MOD - Radeon HD 6520G,610
Radeon HD 8610G + 8500M Dual,610
"Radeon R5 PRO A10-8730B R5, 10 COMPUTE CORES 4C+6G",609
Radeon R6,609
Radeon HD 7640G + HD 8500M Dual,607
Radeon HD 8650G + HD 8600M Dual,606
"Radeon R5 A6-9400 RADEON R5, 6 COMPUTE CORES 2C+4G",605
Radeon R6 M255DX,605
Radeon HD 8550G + 8500M Dual,602
Radeon HD 8610G + 8670M Dual,599
Radeon R7 PRO A12-8800B,599
GeForce 910M,598
GeForce GT 430,597
Matrox C420 LP PCIe x16,597
Intel HD 5500,596
Radeon HD 8510G + 8500M Dual,596
Radeon HD 7640G + 7470M Dual,595
Radeon R5 M330,595
Radeon HD 8550G + HD 8600M Dual,593
Surface Duo Adreno 640 GPU,592
Radeon HD 7520G + 7600M Dual,591
Intel HD 5000,590
Radeon HD 7640G + HD 7700M Dual,589
Radeon R7 M360,589
Radeon HD 7520G + 7610M Dual,588
Radeon HD 7660G + 7400M Dual,588
Radeon HD 8610G + 8600M Dual,588
Radeon HD 7660G + 8670M Dual,587
Radeon HD 3870 X2,586
Radeon HD 7640G + HD 8600/8700M Dual,586
Radeon R5 A6-8500P,586
Radeon HD 7640G + 8500M Dual,585
Radeon HD 8650G + HD 8670M Dual,585
GeForce GTX 285M,584
"Radeon R6 PRO A8-8600B R6, 10 Compute Cores 4C+6G",584
Radeon HD 7520G + 7500/7600 Dual,582
RadeonT Ryzen 3 3250U,581
Radeon Vega 3 Ryzen Embedded R1305G,580
Radeon HD 8550G + 8670M Dual,579
Radeon R7 PRO A12-8830B,579
Radeon HD 8450G + R5 M230 Dual,578
TRINITY DEVASTATOR MOBILE,578
GeForce 720A,577
Radeon HD 7620G + 8670M Dual,577
Radeon HD 8610G + HD 8670M Dual,577
Intel Skylake HD DT GT2,576
Radeon HD 7640G + HD 7400M Dual,576
Radeon R5 A240,576
GeForce GTX 280M,575
Radeon HD 7520G + HD 7700M Dual,574
Radeon HD 7520G N HD 7520G + HD 7500/7600 7500/760,574
Radeon R5 420,574
GeForce 9800 GTX/9800 GTX+,570
Quadro 500M,570
Radeon R6 + R7 M265DX Dual,570
"Radeon R5 PRO A8-9600B R5, 10 COMPUTE CORES 4C+6G",569
Radeon HD 7560D + 6450 Dual,568
Radeon HD 7660G + HD 7600M Dual,568
GeForce GT 720A,566
Radeon HD 8550D,566
GeForce GTS 250,565
Radeon HD 6610M,565
Radeon R7E,564
Radeon Athlon PRO 3045B,563
Radeon HD 7560D + R5 235 Dual,563
Radeon Athlon 300GE,562
Radeon HD 7640G + R5 M200 Dual,559
Radeon R5 240,559
Radeon HD 7640G + 8570M Dual,558
Radeon HD 7640G + 8670M Dual,558
Radeon HD 8550G + HD 8500M Dual,558
Radeon R7 M265,558
GeForce 820A,556
Quadro FX 3800M,556
GeForce 8800 GTX,555
Radeon HD 7650A,555
GF117,554
GeForce GT 550M,553
Quadro 1000M,553
Radeon HD 6570,553
"Radeon R6 PRO A10-8700B R6, 10 Compute Cores 4C+6G",552
Radeon HD 3870,551
Radeon R7 7850A10-7850K,551
FireGL V8650,550
GeForce 8800 GTS 512,549
Radeon R5 M335,548
Mobility Radeon HD 3870,547
Radeon HD 8550G + HD 7600M Dual,547
FirePro 3D V5700,546
Radeon HD 8550G + HD 8670M Dual,546
FirePro 3D V7750,545
Radeon HD 8450G + 8600M Dual,545
Radeon R6 A10-8700P,545
Radeon HD 7520G + HD 7400M Dual,544
Quadro FX 2700,543
Radeon HD 7600G + HD 8670M Dual,543
Radeon R5 M255,543
Radeon HD 7520G + 7470M Dual,542
Qualcomm Adreno 675 GPU,539
Radeon R6 PRO A10-8700B 4C+6G,538
GeForce GT 820M,537
GeForce GT 435M,535
GeForce GT 635M,535
Radeon HD 7560D + HD 7000 Dual,534
GRID K180Q,533
Radeon 6600M,533
Radeon HD 8550G + 8570M Dual,532
RADEON HD6530D,531
Radeon R6 PRO A8-8600B 4C+6G,531
Intel HD 4400,530
Radeon HD 8550G + HD 8570M Dual,529
Radeon R7 M260,529
Radeon HD 7600G N HD 7600G + HD ON HD Dual,526
Radeon HD 7640G + 6400M Dual,526
Radeon Vega 3 3020e,526
Mobility Radeon HD 5570,525
Radeon HD 7520G + 7670M Dual,523
Radeon HD 7660D + R5 235 Dual,523
Radeon R5 330,522
Radeon HD 8670M,520
GeForce GT 630M,519
GeForce GTS 250M,519
Quadro 600,519
Radeon HD 8670D,519
Radeon HD 7640G + HD 7670M Dual,518
IncrediblE HD 4000,517
Quadro FX 5600,517
Radeon HD 8690A,517
GeForce 9800M GS,516
Intel HD P4000,516
GeForce GTS 240,515
Radeon Vega 3 Athlon Silver 3050e,514
Radeon HD 7660D,512
Mobility Radeon HD 4830,511
Radeon HD 7640G + 7610M Dual,510
"Radeon R5 PRO A6-8500B R5, 6 Compute Cores 2C+4G",510
Radeon HD 7600G + HD 7550M Dual,509
Radeon HD 7620G + 8600M Dual,508
Radeon R5 PRO A6-8500B 2C+4G,508
Mobility Radeon HD 5730,507
Radeon HD 7620G + HD 8670M Dual,507
Radeon Vega 2,506
GeForce 615,505
Intel HD P4600,505
GeForce GTS 150M,504
Radeon 3020e,504
Radeon HD 8450G + HD 8750M Dual,503
GeForce GT 425M,499
Radeon HD 8650G,499
Radeon R5 M420,499
Radeon R7 M265DX,498
TRINITY SCRAPPER MOBILE,498
Radeon HD 7500G + 7550M Dual,497
SUMO 964A,497
ASUS EAH4870x2,496
NVS 5200M,496
Radeon HD 7520G + HD 7670M Dual,495
Radeon R5 M315,495
GeForce 9800 GTX+,488
Radeon HD 8670D N HD 8670D + HD 8670D Dual,488
Radeon R5 M240,488
Radeon HD 8550G + R5 M230 Dual,487
Radeon R4E,487
Radeon Vega 2 Athlon Silver 3050U,487
Radeon HD 7520G + 7400M Dual,486
GeForce GT 625M,484
Radeon HD 7660G,481
GeForce 820M,480
Radeon HD 7670M,480
Radeon HD 8610G + HD 8600M Dual,480
GeForce GT 240,479
Mobility Radeon HD 5000 Serisi,478
Quadro FX 1800M,478
Radeon HD8530M,478
GeForce 800M,477
Mobility Radeon HD 3870 X2,477
Radeon HD 8450G + HD 8670M Dual,477
Radeon HD 7600G + HD 7500M/7600M Dual,476
Radeon HD 5570,475
Radeon R5 M320,475
Radeon HD 7640G + HD 8570M Dual,474
Radeon HD 8450G + 8670M Dual,474
Radeon R6 A8-8600P,474
RTX Pro 6000 Blackwell DC-2B,473
FirePro 3D V3800,472
GeForce 9600 GT,472
GeForce GT 540M,471
GeForce GT 320,470
Radeon HD 8570D + R5 235 Dual,470
Quadro FX 3600M,466
Intel HD Family,465
Radeon HD 7660D + 7470 Dual,465
"Radeon R5 PRO A6-8530B R5, 6 COMPUTE CORES 2C+4G",465
SUMO 9644,465
FirePro V5700,464
Radeon HD 7550M,464
Mobility Radeon HD 4670,463
GeForce 8800M GTX,462
Radeon HD 7660G + HD 7600M N HD 7600M Dual,460
GeForce 705M,455
GeForce 8800 GT,455
GeForce 9800M GTX,454
Radeon HD 7520G + 7650M Dual,453
Radeon HD 8450G + HD 8600M Dual,452
Radeon HD 7620G N HD 7620G + HD 8600M N HD 8600M D,451
Radeon HD 7560D,450
Radeon HD 8570M,449
Radeon HD 8500M,448
GeForce GT 525M,447
Radeon HD 7520G + HD 7600M Dual,447
Radeon HD 7640G,446
PHDGD Ivy 5,445
Radeon HD 7660G + 8600M Dual,445
GeForce 9800 GT,444
Quadro FX 3700M,444
Radeon HD 7620G + HD 8600M Dual,442
GeForce 710M,441
Mobility Radeon HD 5650,440
GeForce GT 720M,437
Quadro 410,437
GeForce 800A,435
Radeon HD 7600G + HD Dual,435
Radeon HD 8410G,435
GeForce GT 420,433
Matrox M9138 LP PCIe x16,433
Radeon HD 3850 AGP,432
Radeon HD 7650M,432
GeForce 710A,428
GeForce GT 620M,428
Radeon R5 M230,427
GeForce GT 710M,426
FirePro M2000,425
Radeon HD 7600G + 7550M Dual,423
Radeon HD 7640G + HD 7500/7600 Dual,423
Radeon HD 7640G N HD 7640G + HD 8570M Dual,422
RADEON HD6410D,422
GeForce GT625M,421
GeForce 810M,419
Intel 4th Generation Haswell HD,419
Radeon HD 7570M,417
Radeon HD 8550G,416
Radeon R5 Opteron X3216,415
Quadro FX 2800M,414
"Radeon R5 PRO A6-9500B R5, 6 COMPUTE CORES 2C+4G",412
Radeon HD 8570D,410
Radeon HD 7470M,407
Intel HD 5300,406
Radeon HD 7640G + HD 7600M N HD 7600M Dual,406
RADEON E4690,405
Radeon HD 7600G + 7500M/7600M Dual,405
GeForce 8800 GTS,403
Quadro FX 4600,402
Mobility Radeon HD 4650,401
Radeon HD 3850,401
Radeon HD 6550D,400
Radeon HD 8610G,398
Radeon HD 8650D,396
Quadro FX 1800,395
GeForce GT 620,392
GeForce GT 330,391
GeForce GT 420M,391
IncrediblE HD,389
Radeon HD 7600G + 7450M Dual,389
GeForce 7900 GTX,387
Radeon HD 5550,383
GeForce 8800M GTS,382
GeForce GTX 260M,382
GeForce 9800M GT,381
GeForce GT 130,381
Radeon HD 4670,381
GeForce GTS 350M,380
GeForce GT 625,379
Radeon HD 6490M,377
Radeon HD 7520G + 8750M Dual,376
Radeon HD 7600G + 6400M Dual,376
PHDGD Ivy 4,374
Radeon HD 8470D,374
Radeon HD 8570D + HD8490 Dual,374
Radeon HD 8510G,373
Quadro FX 3700,371
GeForce GT 610M / GT 620M / GT 710M / GT 720M / GT,368
GeForce GT 705,368
GeForce GT 335M,366
Matrox Millennium P690 PCIe x16,366
Quadro FX 2700M,366
Mobility Radeon HD 3850,365
Radeon HD4670,365
Intel UHD Graphics 605,364
Radeon HD 7520G N HD 7520G + HD 7600M N HD 7600M D,364
Radeon HD 7660G + HD 8600M Dual,363
Intel HD 505,361
Radeon HD 7620G,357
GeForce 9800M GTS,356
Radeon HD 7500G + HD 7500M/7600M Dual,355
Mobility Radeon HD 565v,353
Radeon HD 6480M,353
Radeon 3015e,351
Radeon HD 7580D,350
Radeon R4,347
ZX C-1190,346
GeForce 7950 GT,344
Intel HD 4000,342
FireGL V5600,341
FirePro 3D V3750,341
Radeon HD 6620G,341
Radeon HD 8310E,340
Radeon HD 7660D + HD 7400 Dual,339
Radeon HD 8570D + HD 8470 Dual,338
Radeon HD 6530D,337
NVS 315,336
Radeon R5 235,336
FirePro RG220,335
GeForce GT 610,334
Radeon HD 7600G,334
Radeon HD 8450G,334
Radeon HD 7600G + 8500M/8700M Dual,333
GeForce 605,331
Radeon R5 310,331
GeForce 8800 GS,330
Radeon HD 7540D,330
GeForce 9600 GSO 512,329
Radeon HD 7450M,329
Radeon HD 7600G + HD 7400M Dual,328
GeForce 9700M GT,327
GeForce GT 120 / 9500 GT,324
GeForce GT 520,324
GeForce 9600 GSO,323
GeForce GT 230,323
Radeon E6460,323
FirePro V3800,320
RADEON HD6370D,320
GeForce 240M GT,319
Mobility Radeon HD 560v,318
Radeon HD 7500G,316
Radeon HD 7520G,316
Radeon HD 7420G,315
Radeon R5E,315
Radeon HD 8370D,314
Radeon R3,314
GeForce 9700M GTS,311
Intel UHD Graphics 600,311
NVS 4200M,311
Radeon HD 7520G + 8600/8700M Dual,311
Quadro FX 3500M,306
Intel 3rd Generation IvyBridge HD 4000,302
Intel HD 500,302
Radeon R1E,301
Radeon HD 6520G,300
GeForce 9600M GT / GeForce GT 220M,293
GRID K120Q,293
Qualcomm Adreno 630 GPU,292
Radeon HD 2900 GT,292
GeForce 610M,291
Beijing Fantasy Technology Fantasy II-M,290
GeForce 510,290
Radeon HD 7470,289
GeForce GT 520MX,288
Radeon HD 7450A,288
GeForce 7950 Xtreme,287
GeForce GT 415M,286
NVS 310,286
GeForce GT 520M,285
Mobility Radeon HD 5165,284
ZX C-1080,283
Intel HD P3000,282
Radeon HD 2600 XT,282
GeForce 9600 GS,281
Radeon HD 7480D,281
Radeon R5 235X,277
Radeon HD 8330,276
Radeon HD 6370M,275
Radeon HD 8400E,275
Radeon HD 8280E,272
GeForce 410M,271
Radeon HD 8400,271
GeForce 9650M GS,270
GeForce Go 7900 GTX,270
Radeon HD 8280G,269
GeForce 7800 GTX,268
Radeon HD 5470,268
GeForce 7950 GX2,267
Radeon HD 8350G,267
Mobility Radeon HD 550v,266
Quadro FX 3500,265
Radeon HD 7400G,265
GeForce Go 7950 GTX,263
Radeon HD 8490,263
GeForce 7900 GS,262
Radeon HD 8330E,262
Intel HD 3000,261
Radeon HD 6450A,260
Radeon HD 8280,260
GeForce 7900 GT,258
L4-1Q,258
Quadro FX 570,257
Radeon HD 6480G,257
Radeon HD 6370D,255
Radeon R2,255
GeForce GT 415,251
Radeon HD 7640G + 8600M Dual,249
Radeon HD 4650,248
GeForce 7900 GT/GTO,247
Radeon HD 8240,246
Radeon HD 8470,246
GeForce 7800 GT,244
Mobile Intel HD,244
Quadro FX 5500,242
Radeon HD4650,239
Quadro NVS 510M,238
Mobility Radeon HD 5470,236
Quadro FX 4500 X2,236
Quadro FX 880M,236
Radeon HD 6410D,236
Radeon HD 4550,235
GeForce 7600 GT,234
Mobility Radeon HD 3670,232
Radeon E6465,231
Quadro NVS 290,228
Quadro FX 4500,227
CARRIZO 9874,226
Radeon HD 6470M,225
Radeon R3E,224
GeForce GT 220,223
GT 430,223
Radeon HD 7450,223
GeForce GT 230M,221
Radeon HD 7340M,221
A6 Micro-6500T Quad-Core APU with RadeonR4,220
Mobility FireGL V5725,219
GeForce GT 330M,218
Quadro FX 2500M,217
Radeon HD 8250,217
Radeon HD 6320 Graphic,216
GeForce 9500 GS,215
Mobility Radeon. HD 5470,215
Mobility Radeon HD 5450,214
Intel HD 2000,213
Quadro FX 770M,212
RDPDD Chained DD,212
GeForce GT 240M,211
Quadro FX 1700,211
Radeon HD 2600 PRO,211
Radeon R2E,211
GeForce Go 7600 GT,210
GeForce Go 7800 GTX,209
Quadro NVS 320M,208
GeForce GT 220M,207
Radeon HD 4650 AGP,207
Quadro FX 380,206
Barco MXRT 1450,205
Intel 2nd Generation SandyBridge HD 3000,205
Quadro FX 3450/4000 SDI,205
Intel Q45/Q43 Express Chipset,201
Radeon R5 230,201
Radeon HD 6380G,200
Mobility Radeon HD 545v,199
NVS 5100M,199
RADEON HD7450,199
Radeon HD 6320M,198
Radeon HD 6450,198
GeForce 315,196
Radeon HD 7340G,196
GeForce 9400 GT,195
Intel G965 Express,195
Quadro FX 1600M,194
Radeon HD 8210,194
Intel Infoshock HD,193
Radeon HD 8210E,193
Quadro FX 580,192
Radeon HD 6430M,192
GeForce 6800 GS,191
GeForce 9500 GT,191
Mobility Radeon HD 2600 XT,191
Mobility Radeon HD 4550,191
GeForce 320M,190
Mobility Radeon HD 540v,188
GeForce GT 120,186
GeForce 8600 GTS,185
Mobility Radeon HD 5430,181
Barco MXRT 7100,180
Radeon HD 7310G,180
FireGL V3600,179
GeForce 8600 GS,179
Radeon HD 6230,179
FirePro 3D V3700,178
Radeon HD 3450,178
GeForce 7800 GS,177
GeForce Go 7900 GS,177
GeForce G100,176
Mobility Radeon HD 530v,174
Radeon HD 7310 - Carte graphique,174
Quadro FX 1700M,172
Quadro FX 1500M,171
FirePro 2460,170
GeForce 8400 GS,170
GeForce 8500 GT,170
Radeon HDG 4670,170
GeForce GT 130M,169
GeForce GT 325M,169
Intel 2nd Generation SandyBridge HD,169
Quadro FX 1500,169
GeForce 9200,168
Radeon HD 3670,168
GeForce G102M,167
Mobility Radeon HD 2600,167
GeForce 7600 GS,166
Radeon HD 7310M,166
Intel HD manual-gen9_2015-133271,165
Radeon HD 7350,165
nForce 980a/780a SLI,164
Radeon HD 4350,164
GeForce 8200,163
GeForce 8600M GT,163
GeForce 9600M GT,163
Radeon HD 8350,162
Radeon HD 4300/4500 Serisi,155
Intel G41 Express Chipset,153
Radeon HD 7340,153
Radeon X1950 CrossFire Edition,151
GeForce 305M,150
GeForce GT 120M,150
Radeon HD 3650 AGP,150
Radeon R5 220,150
GeForce G210,149
Mobility Radeon HD 4570,149
GeForce 9400M G,148
Mobility Radeon HD 4350,148
Quadro 400,148
Quadro FX 3450,148
GeForce Go 7700,147
Radeon HD 6320,147
ZX Chrome 645/640 GPU,147
GeForce 9400,146
Intel G45/G43 Express Chipset,146
S3 5400EW,146
Quadro NVS 160M,145
Radeon X1900 GT,145
GeForce 310,144
Quadro FX 380 LP,144
GeForce 505,143
GeForce 9200M GE,143
Radeon HD 6300M,143
FirePro 2270,142
GeForce 6600 GT,142
GeForce 6800 GT,142
GeForce 9300M GS,142
GeForce 8600 GT,141
nForce 760i SLI,140
Radeon HD 4290,140
Radeon HD 6290M,140
RADEON HD 6350,140
Radeon X1800 GTO,140
GeForce 210,139
Intel Haswell HD - GT2,139
Mobility Radeon HD 3650,139
GeForce 6800 Ultra,138
Intel B43 Express Chipset,138
GeForce 9650M GT,137
GeForce Go 6800 Ultra,137
Quadro NVS 420,137
Radeon X1900 CrossFire Edition,137
GeForce G200,136
NVS 2100M,136
Radeon HD 5450,136
Mobility Radeon HD 4330,135
EAH5450,134
GeForce 7650 GS,134
GeForce 9800 GT 1024MB,134
Mobility Radeon X1900,134
Radeon HD 4330,134
Radeon HD 8180,134
GeForce G105M,133
GeForce 9500M GS,132
VIA/S3G C-645/640 GPU,132
GeForce 9600M GS,130
MOBILITY RADEON X1800,130
RTX5000-Ada-1B,130
GeForce 9200M GS,129
GeForce G210M,129
RADEON X800 SE,129
FireGL V7300,128
GeForce 9300 / nForce 730i,128
Qualcomm Adreno 618 GPU,128
Radeon HD 7310,128
All-in-Wonder X1900,127
GeForce 310M,127
GeForce Go 7600,127
GeForce 205,126
GeForce 9300,126
Radeon HD 3300,126
GeForce G205M,125
NVS 3100M,125
Qualcomm Adreno 540 GPU,125
GeForce 8700M GT,124
Quadro FX 1400,124
Seria Mobility Radeon HD 3400,124
GeForce 7300 GT,123
Intel Haswell HD - GT1,123
Radeon HD 7290M,123
Radeon HD 4250,122
Radeon HD 6310,122
GeForce 9500M G,121
Extreme AX850 PRO,120
GeForce 315M,120
GeForce 6800 XT,120
Quadro FX 380M,120
Radeon HD 2400,120
NVS 300,119
Radeon HD 2400 XT,118
RV530 PRO,118
FireMV 2260,117
GeForce 405,117
Intel Q965/Q963 Express,117
Mobile Intel 45 Express-Chipsatzfamilie,117
Radeon HD 3470,117
FireGL V7200,116
PHDGD Quantic C3,116
Radeon X1700 Targa Edition,116
GeForce 8300 GS,115
GeForce 9300 GE,115
Radeon X1600 XT,115
FireGL V5200,114
GeForce Go 7800,114
Radeon HD 2400 Pro,114
RADEON X800 GTO,114
GeForce GT 320M,113
Quadro FX 560,113
Quadro NVS 295,113
FirePro 2260,112
GeForce 6800,112
Intel HD Modded,112
Radeon X1950 Pro,112
Sapphire RADEON X800 GT,112
Mobility Radeon HD 3400 Serisi,111
Radeon HD 4200,111
Radeon HD 7290,111
FireGL V7350,110
Radeon HD 2600 Pro AGP,110
GeForce 6800 LE,109
Intel Media Accelerator HD,109
Radeon HD 4270,109
VIA/S3G Chrome 645/640 GPU,109
ION,108
Quadro FX 370 LP,108
GeForce Go 6800,106
Radeon Infoshock 3000,106
Radeon X1950 GT,106
GeForce 8400M G,105
GeForce9400M,105
GeForce 8400M GS,104
GeForce 9450,104
M880G with Mobility Radeon HD 4250,104
Mobility Radeon X1700,104
Quadro FX 3400/4400,104
Radeon HD 6290,104
FireGL V3400,103
GeForce 9500M,103
GeForce 6800 GS/XT,102
GeForce 9300 GS,102
Mobility Radeon HD 2400 XT,102
Quadro FX 370 Low Profile,102
GeForce 8300,101
GeForce 9400M,101
Quadro FX 4000,101
Quadro FX Go1400,101
Matrox G200e WDDM 2.0,100
Quadro FX 570M,99
Mobility Radeon HD 3430,98
Mobility Radeon HD 4250,98
Radeon 3000,98
Radeon X1600 Pro,98
GeForce 9300GE,97
ION LE,97
Quadro NVS 130M,97
RADEON X800 XT,97
Intel G35 Express,96
Mobility Radeon HD serie 4200,96
GeForce 6700 XL,95
Radeon HD 3000,95
MEDION RADEON X740XL,94
Mobility Radeon HD 3470,93
Mobility Radeon HD 3470 Hybrid X2,93
Quadro FX 370M,93
Radeon HD 6250,93
FireGL V5100,92
GeForce G 105M,92
M880G with Mobility Radeon HD 4200,92
Mobility Radeon HD 4270,92
Mobility Radeon X1600,92
nForce 780a SLI,92
GeForce 7500 LE,91
Mobility Radeon HD 3450,91
RADEON X600XT,91
Mobility Radeon HD 4200,90
Matrox G200eW3 WDDM 2.0,89
Mobility Radeon HD 2400,89
GeForce 6610 XL,88
GeForce 8600M GS,88
Quadro FX 360M,86
GeForce 6600,85
Quadro FX 350,85
ALL-IN-WONDER X800 GT,84
FireGL V3200,84
GeForce 9300M G,84
Radeon X1300 PRO,84
Radeon X1650 Pro,84
RADEON X800 GT,84
GeForce 9100M G,83
GeForce 999 GTX,83
nForce 750a SLI,83
Quadro FX 370,83
Radeon HD 3200,82
GeForce 7300 LE,81
GeForce 8400,81
GeForce 9100,81
GeForce 9300 SE,81
MOBILITY FireGL V5000,81
Mobility Radeon 4100,81
Mobility Radeon X2500,81
RADEON X800 XT Platinum Edition,81
RADEON X850 XT,81
RADEON X850 XT Platinum Edition,81
GeForce 7300 GS,80
Quadro FX 540,80
GeForce 8100 / nForce 720a,79
RADEON X800GT,79
Quadro NVS 140M,78
Radeon HD 2350,76
ZX C-960,76
M860G with Mobility Radeon 4100,75
RADEON X700 PRO,75
GeForce 7350 LE,74
Radeon X1650 GTO,74
FireMV 2450,73
Mobility Radeon HD 4300 Serisi,73
Radeon 3100,73
RADEON X800 PRO/GTO,73
RADEON X700,72
RADEON X850 PRO,72
FireGL V7100,71
M880G with Mobility Radeon HD 4225,71
MEDION RADEON 9800 XXL,71
Radeon X1650 SE,71
RADEON X700 SE,71
Diamond X1300-PCIE 256MB,70
FireGL V3300,70
Quadro NVS 150M,70
Radeon X550XTX,70
BASICDISPLAY,69
GeForce Go 6600,69
Quadro FX 3000,69
Radeon X1600 Pro / X1300XT,69
RADEON X800 XL,69
FireGL V3350,68
GeForce 8400 SE,68
Intel G45/G43/G41 Express Chipset,67
Matrox G200eR WDDM 2.0,67
RADEON X600 PRO,67
GeForce 8400M GT,66
Mobility Radeon HD 4225,66
MOBILITY RADEON X700,66
Quadro NVS 450,66
Radeon X1550,66
GeForce 8200M G,65
GeForce Go 7400,65
RADEON X800 PRO,64
Quadro FX 550,63
GeForce G 103M,62
Intel HD manual-15.28-1861,62
MOBILITY FireGL V3200,62
Mobility Radeon HD 3410,62
SAPPHIRE Radeon X1550,61
FireGL X1,59
GeForce FX 5950 Ultra,59
Matrox G200e WDDM 1.2,59
MOBILITY RADEON X700 XL,59
Radeon 2100,59
RADEON 9800 PRO,59
GeForce 6800 XE,58
Radeon X1300,58
Intel - Express Chipset Q45/Q43,57
Intel G41 Express-Chipsatz,57
Intel Q35 Express,57
Intel Q45/Q43 Express-Chipsatz,57
RADEON 9800,57
Intel - Express Chipset G41,56
RADEON 9800 XT,56
RADEON X550XT,56
RADEON X600 256MB HyperMemory,56
Matrox G200eh WDDM 2.0,54
RADEON 9700 PRO,53
FireGL V3100,52
GeForce Go 7300,52
Radeon Xpress 1300,52
Red Hat QXL controller,52
FirePro 2450,51
GeForce 6200 TurboCache,51
GeForce 6600 LE,51
GeForce 7100 GS,51
GeForce FX Go5700,51
Matrox G200eh WDDM 1.2,51
RADEON E2400,51
Matrox G200eW WDDM 1.2,50
Mobility Radeon HD 2300,50
MOBILITY RADEON X600,50
Quadro NVS 135M,50
RADEON X550,50
GeForce 7300 SE/7200 GS,49
MOBILITY RADEON X600 SE,49
Radeon X1050,49
Radeon X1600,49
RADEON X600 SE,49
Mobility Radeon X2300,48
Mobility Radeon X2300 HD,48
Quadro NVS 110M,47
Radeon X1550 64-bit,47
SAPPHIRE RADEON 9600 ATLANTIS,47
MOBILITY RADEON 9800,46
Quadro NVS 120M,46
FireMV 2250,45
GeForce Go 7200,45
Matrox G200eR WDDM 1.2,45
Matrox M9188 ATX PCIe x16,45
Mobile Intel 965 Express,45
GeForce Go 6600 TE/6200 TE,44
Mobile Intel 4 Express-Chipsatzfamilie,44
Mobile Intel serie 4 Express,44
MOBILITY FireGL V5200,44
Quadro FX 350M,44
Quadro NVS 285,44
Radeon 9700 TX with TV-Out,44
Mobility Radeon X1400,42
RADEON 9600 PRO,42
Radeon Xpress 1250,42
GeForce 7050 / nForce 620i,41
GeForce 7100 / nForce 630i,41
GeForce FX 5900 Ultra,41
RADEON 9500 PRO / 9700,41
GeForce FX 5700,40
GeForce FX 5900XT,40
Matrox G200eh,40
Matrox M9148 LP PCIe x16,40
MOBILITY FIREGL T2,40
Radeon Xpress 1300M,40
GeForce 7300 SE,39
Matrox G200eW,39
MOBILITY RADEON 9600/9700,39
Mobility Radeon X1300,39
Mobility Radeon X1350,39
S3 Chrome 430 ULP,39
GeForce 6500,38
Mobile Intel - famiglia Express Chipset 45,38
Mobile Intel 45 Express,38
Quadro NVS 285 128MB,38
RADEON X300SE,38
256MB DDR Radeon 9800 XT,37
GeForce 6200,37
GeForce 6200SE TurboCache,37
GeForce 7050 / nForce 630i,37
Quadro NVS 440,37
Radeon X1250,37
CONNECT 3D RADEON X300,36
FireMV 2200 PCIe,36
Matrox G200eR,36
MOBILITY RADEON 9600,36
RADEON 9500,36
Quadro FX 1100,35
RADEON 9600 XT,35
Radeon Xpress 1200,35
GeForce FX 5700 Ultra,34
GeForce FX 5900,34
GeForce PCX 5750,34
GeForce PCX 5900,34
Quadro FX 1000,34
Quadro FX 1300,34
RADEON 9550,34
Radeon Xpress 1100,34
GeForce 6150 LE,33
GeForce 7150 / nForce 630i,33
GeForce FX 5700VE,33
Intel G33/G31 Express,33
MOBILITY FIREGL T2/T2e,33
Mobility Radeon X1450,33
MOBILITY RADEON X300,33
S3 Chrome S27 DDR3,33
GeForce 6200 A-LE,32
GeForce 6200 LE,32
GeForce 7025 / nForce 630a,32
GeForce FX 5900ZT,32
Intel Media Accelerator,32
Radeon X1200,32
Matrox M9128 LP PCIe x16,31
Radeon X1270,31
All-in-Wonder X1800XL,30
FireGL T2-128,30
GeForce 6150SE nForce 430,30
GeForce 7050 PV / nForce 630a,30
MOBILITY RADEON 9550,30
Radeon 9550 / X1050,29
Radeon Xpress 1150,29
RADEON XPRESS 200,29
GeForce 6100,27
MOBILITY FireGL V5250,27
MOBILITY RADEON 9700,27
MOBILITY RADEON XPRESS 200,27
RADEON 9600SE,27
GeForce 6100 nForce 405,26
GeForce 7100 / nForce 620i,26
RADEON 9600 PRO Family,26
Radeon Xpress 1270,26
GeForce 6100 nForce 400,25
GeForce 6100 nForce 420,25
GeForce 7050 / nForce 610i,25
Matrox M9120 Plus LP PCIe x16,25
Matrox M9125 PCIe x16,25
PHDGD Sapphire GR for Mobile Intel 965,25
RADEON 9600 Family,25
GeForce 6150SE,24
GeForce FX 5700LE,24
GeForce Go 6400,24
Mobile Intel 965 Express-Chipsatzfamilie,24
MOBILITY RADEON 9600 PRO TURBO,24
ALL-IN-WONDER 9800,23
GeForce 6100 nForce 430,23
GeForce 7200 GS,23
Matrox M9140 LP PCIe x16,23
Quadro NVS 210S,23
RADEON 9800 SE,23
RADEON A9800XT,22
RADEON XPRESS 200M,22
GeForce 6150,21
PHDGD Solo 2 x64,20
Quadro NVS 210S / GeForce 6150LE,20
GeForce Go 6150,19
Matrox M9120 PCIe x16,19
GeForce 7150M / nForce 630M,18
Quadro FX 2000,18
QXL KMDOD,18
RADEON 9600 TX Family,18
RADEON XPRESS 200 CROSSFIRE,18
S3 Chrome S25 DDR2,18
GeForce FX 5600 Ultra,17
GeForce FX Go 5600,17
GeForce Go 6100,17
Mobile Intel965 Express,17
GeForce FX Go5650,16
GRID V100-8Q,16
GeForce Go 6200,15
NV44,15
Quadro FX 500/600 PCI,14
Radeon HD 2400 PCI,14
GeForce 7000M,13
GeForce 7000M / nForce 610M,12
GeForce FX 5200 Ultra,12
GeForce FX 5600,12
GeForce FX Go5300,12
VIA C9-HD IGP,12
FireMV 2400 PCIe,11
GeForce FX 5200SE,11
PHDGD Solo 1.2.0 x86,11
RGH Drivers v3,11
Master X3100 Driver,10
MOBILITY IGP 9000/9100,10
VIA Chrome9 HD IGP,10
ASUS A7000,9
GeForce FX 5600XT,9
Intel 82945G Express,9
Matrox Parhelia 256MB,9
GeCube RADEON 7000,8
GeForce FX 5500,8
GeForce FX Go 5200,8
Intel 82945G Express-Chipsatzfamilie,8
Intel Q35 Embedded,8
Mobile Intel 965 Express - BR-0907-0461 v1839,8
Quadro NVS 280 PCI,8
ASUS V9520-X V62.11,7
GeForce FX 5100,7
GeForce FX 5200,7
GeForce FX 5200LE,7
GeForce4 Ti 4400,7
Intel US15 Embedded Media and Controller,7
MOBILITY RADEON 9000 IGP,7
Quadro FX 500/FX 600,7
GeForce PCX 5300,6
GeForce2 Ultra,6
GeForce4 MX Integrated GPU,6
GeForce4 Ti 4800 SE,6
Intel Media Accelerator 600,6
Intel Q33 Express,6
Matrox Millennium P690 Plus LP PCIe x16,6
MOBILITY RADEON 7000 IGP,6
Quadro NVS 55/280 PCI,6
Quadro4 380 XGL,6
RADEON 8500 Family,6
RADEON 9100 Family,6
RADEON IGP 350M,6
V9560XT,6
ALL-IN-WONDER RADEON 8500DV,5
GeForce 256,5
GeForce4 420 Go 32M,5
GeForce4 440 Go 64M,5
GeForce4 448 Go,5
GeForce4 Ti 4200,5
GeForce4 Ti 4600,5
GeForce4 Ti 4800,5
Intel 82915G Express,5
Matrox Millennium P650 PCIe 128,5
Matrox Parhelia APVe,5
Mobile Intel 945GM Express,5
Mobile Intel 945GM/GU Express,5
MOBILITY RADEON 9000/9100 IGP,5
NVIDIA GeForce3 Ti200,5
Quadro 280 NVS PCIe,5
Quadro4 980 XGL,5
RADEON 9100 IGP,5
SAPPHIRE RADEON 9000 ATLANTIS PRO,5
VIA/S3G UniChromeII,5
Xabre,5
ALL-IN-WONDER 9000,4
ASUS AGP-V3800PRO v31.40H,4
Dell 8200,4
GeForce2 Go,4
GeForce2 Integrated GPU,4
GeForce2 MX with DVI-D and TV-out,4
GeForce2 Ti,4
GeForce3,4
GeForce3 Ti 200,4
GeForce4 440,4
GeForce4 MX 4000,4
GeForce4 MX 420,4
GeForce4 MX 440,4
GeForce4 MX 440 with AGP8X,4
GeForce4 MX 440SE,4
GeForce4 MX 460,4
Intel 82865G Controller,4
"Intel 915G,910G Express",4
Intel 915G/915GV/910GL Embedded Controller Functio,4
Intel 945G Embedded Chipset Function 0,4
MOBILITY FIREGL 7800,4
MOBILITY/RADEON 9000,4
Quadro2 MXR/EX,4
Quadro4 900 XGL,4
RADEON 7500 Family,4
RADEON 9000,4
VIA Chrome9 HC IGP,4
VIA/S3G KM400/KN400,4
VIA/S3G UniChrome IGP,4
VIA/S3G UniChrome Pro IGP,4
WinFast A250 LE,4
XGI Volari Family v1.13.23.D_V,4
ABIT Siluro T400,3
AMIGAMERLIN 3.1-R1 For Voodoo 4 4500 PCI,3
GeForce 6200A,3
GeForce2 GTS/GeForce2 Pro,3
GeForce2 MX 100/200,3
GeForce2 MX/MX 400,3
GeForce4 420 Go,3
GeForce4 4200 Go,3
GeForce4 440 Go,3
Intel 82915G/915GV/910GL,3
Intel 82915G/GV/910GL Express,3
Intel 865 Embedded Controller,3
Intel 946GZ Embedded Chipset,3
Intel Media Accelerator 500,3
Matrox Parhelia 128MB,3
MOBILITY RADEON 7500,3
MOBILITY RADEON 9000,3
MOBILITY RADEON 9200,3
RADEON 7000 / RADEON VE Family,3
RADEON 7500,3
RADEON 9000 Family,3
RADEON 9200,3
RADEON IGP 320,3
Radeon IGP 320M,3
Rage Fury Pro/Xpert 2000 Pro,3
RIVA TNT2 Model 64/Model 64 Pro,3
RIVA TNT2/TNT2 Pro,3
S3 Inc. Savage4,3
Vanta/Vanta LT,3
VIA Chrome9 HC IGP Family,3
VIA Chrome9 HC IGP Family WDDM,3
VIA Chrome9 HC IGP WDDM 1.1,3
VIA/S3G DeltaChrome IGP,3
Dell 8100,2
GeForce2 MX,2
GeForce2 MX with TV Out,2
GeForce3 Ti 500,2
Intel 82845G Controller,2
Intel 82845G/GL Controller,2
Intel 82845G/GL/GE/PE/GV Controller,2
Intel 82915G/GV/910GL Advanced v3.5,2
Intel 946GZ Express,2
Intel GMA 3150 Express,2
Intel Media Accelerator 3150,2
MOBILITY RADEON 9100 IGP,2
Quadro NVS 280 SD,2
Radeon 7000 / Radeon VE,2
RADEON 7200,2
RADEON 9200 LE Family,2
RADEON 9200 PRO Family,2
RADEON 9200 SE,2
RADEON 9250,2
Radeon IGP 340M,2
RADEON IGP 345M,2
Radeon VE,2
VIA Chrome9 HC IGP Prerelease WDDM 1.1,2
VIA Chrome9 HC IGP WDDM,2
VIA Chrome9 HC3 IGP,2
FireMV 2200 PCI,1
Intel 82852/82855 GM/GME Controller,1
Intel Extreme Controller,1
Mobile Intel 915GM/GMS/910GML Express,1
Mobile Intel 945 Express,1
Quadro2 Pro,1
RADEON IGP 34xM,1
Rage 128 Pro,1
RAGE 128 PRO AGP 4X TMDS,1
S3 ProSavageDDR,1
S3 SuperSavage/IXC 1014,1
VIA Chrome9 HCM IGP,1
VisionTek Radeon 7000,1
